metrica,tipo_operacion,variacion_medida
348,AND,1.0
274,AND,1.0
348,OR,30.085714285714285
274,OR,30.085714285714285
326,AND,1.0
33,AND,1.0
326,OR,33.08571428571429
33,OR,33.08571428571429
352,AND,22.685714285714287
199,AND,22.685714285714287
352,OR,36.285714285714285
199,OR,36.285714285714285
110,AND,6.785714285714286
181,AND,6.785714285714286
110,OR,40.385714285714286
181,OR,40.385714285714286
289,AND,11.32857142857143
91,AND,11.32857142857143
289,OR,32.642857142857146
91,OR,32.642857142857146
319,AND,25.571428571428573
87,AND,25.571428571428573
319,OR,18.614285714285714
87,OR,18.614285714285714
365,AND,3.1714285714285713
133,AND,3.1714285714285713
365,OR,25.271428571428572
133,OR,25.271428571428572
118,AND,6.185714285714286
69,AND,6.185714285714286
118,OR,16.65714285714286
69,OR,16.65714285714286
43,AND,10.371428571428572
141,AND,10.371428571428572
43,OR,12.728571428571428
141,OR,12.728571428571428
112,AND,4.457142857142857
285,AND,4.457142857142857
112,OR,33.17142857142857
285,OR,33.17142857142857
117,AND,9.128571428571428
115,AND,9.128571428571428
117,OR,11.128571428571428
115,OR,11.128571428571428
225,AND,1.0
143,AND,1.0
225,OR,21.428571428571427
143,OR,21.428571428571427
93,AND,1.0
232,AND,1.0
93,OR,19.642857142857142
232,OR,19.642857142857142
251,AND,3.7285714285714286
238,AND,3.7285714285714286
251,OR,24.414285714285715
238,OR,24.414285714285715
268,AND,7.542857142857143
357,AND,7.542857142857143
268,OR,33.74285714285714
357,OR,33.74285714285714
218,AND,1.0
220,AND,1.0
218,OR,22.885714285714286
220,OR,22.885714285714286
161,AND,15.342857142857143
176,AND,15.342857142857143
161,OR,30.84285714285714
176,OR,30.84285714285714
123,AND,19.085714285714285
357,AND,19.085714285714285
123,OR,19.9
357,OR,19.9
260,AND,12.028571428571428
172,AND,12.028571428571428
260,OR,15.4
172,OR,15.4
40,AND,12.7
88,AND,12.7
40,OR,16.542857142857144
88,OR,16.542857142857144
144,AND,1.0
44,AND,1.0
144,OR,14.714285714285714
44,OR,14.714285714285714
26,AND,11.657142857142857
321,AND,11.657142857142857
26,OR,26.057142857142857
321,OR,26.057142857142857
110,AND,7.771428571428571
135,AND,7.771428571428571
110,OR,27.185714285714287
135,OR,27.185714285714287
370,AND,3.3
36,AND,3.3
370,OR,21.685714285714287
36,OR,21.685714285714287
36,AND,4.785714285714286
57,AND,4.785714285714286
36,OR,8.571428571428571
57,OR,8.571428571428571
353,AND,1.0
111,AND,1.0
353,OR,28.014285714285716
111,OR,28.014285714285716
46,AND,1.0
314,AND,1.0
46,OR,32.47142857142857
314,OR,32.47142857142857
41,AND,2.942857142857143
159,AND,2.942857142857143
41,OR,13.128571428571428
159,OR,13.128571428571428
56,AND,3.4571428571428573
241,AND,3.4571428571428573
56,OR,11.042857142857143
241,OR,11.042857142857143
29,AND,16.757142857142856
100,AND,16.757142857142856
29,OR,8.214285714285714
100,OR,8.214285714285714
249,AND,6.0285714285714285
333,AND,6.0285714285714285
249,OR,32.785714285714285
333,OR,32.785714285714285
352,AND,11.785714285714286
164,AND,11.785714285714286
352,OR,24.17142857142857
164,OR,24.17142857142857
166,AND,7.357142857142857
359,AND,7.357142857142857
166,OR,27.1
359,OR,27.1
192,AND,2.0
312,AND,2.0
192,OR,35.52857142857143
312,OR,35.52857142857143
148,AND,12.7
357,AND,12.7
148,OR,25.814285714285713
357,OR,25.814285714285713
163,AND,14.442857142857143
41,AND,14.442857142857143
163,OR,16.114285714285714
41,OR,16.114285714285714
212,AND,11.642857142857142
109,AND,11.642857142857142
212,OR,36.15714285714286
109,OR,36.15714285714286
159,AND,1.0
173,AND,1.0
159,OR,20.17142857142857
173,OR,20.17142857142857
239,AND,29.057142857142857
283,AND,29.057142857142857
239,OR,55.614285714285714
283,OR,55.614285714285714
57,AND,1.0
65,AND,1.0
57,OR,23.042857142857144
65,OR,23.042857142857144
344,AND,13.7
259,AND,13.7
344,OR,21.32857142857143
259,OR,21.32857142857143
365,AND,19.87142857142857
342,AND,19.87142857142857
365,OR,22.428571428571427
342,OR,22.428571428571427
286,AND,9.071428571428571
247,AND,9.071428571428571
286,OR,22.514285714285716
247,OR,22.514285714285716
165,AND,10.3
181,AND,10.3
165,OR,40.385714285714286
181,OR,40.385714285714286
367,AND,17.642857142857142
337,AND,17.642857142857142
367,OR,21.2
337,OR,21.2
99,AND,18.12857142857143
360,AND,18.12857142857143
99,OR,23.642857142857142
360,OR,23.642857142857142
242,AND,12.185714285714285
260,AND,12.185714285714285
242,OR,19.4
260,OR,19.4
160,AND,1.0
295,AND,1.0
160,OR,28.37142857142857
295,OR,28.37142857142857
133,AND,8.1
116,AND,8.1
133,OR,22.15714285714286
116,OR,22.15714285714286
50,AND,5.142857142857143
91,AND,5.142857142857143
50,OR,12.8
91,OR,12.8
345,AND,5.171428571428572
153,AND,5.171428571428572
345,OR,21.32857142857143
153,OR,21.32857142857143
39,AND,4.257142857142857
100,AND,4.257142857142857
39,OR,14.285714285714286
100,OR,14.285714285714286
69,AND,1.0
113,AND,1.0
69,OR,21.014285714285716
113,OR,21.014285714285716
244,AND,1.0
61,AND,1.0
244,OR,19.257142857142856
61,OR,19.257142857142856
80,AND,6.0
55,AND,6.0
80,OR,14.9
55,OR,14.9
272,AND,4.8428571428571425
351,AND,4.8428571428571425
272,OR,39.81428571428572
351,OR,39.81428571428572
72,AND,21.6
310,AND,21.6
72,OR,24.87142857142857
310,OR,24.87142857142857
31,AND,20.585714285714285
303,AND,20.585714285714285
31,OR,13.314285714285715
303,OR,13.314285714285715
224,AND,10.2
179,AND,10.2
224,OR,11.82857142857143
179,OR,11.82857142857143
364,AND,22.4
171,AND,22.4
364,OR,26.2
171,OR,26.2
87,AND,2.4857142857142858
275,AND,2.4857142857142858
87,OR,19.242857142857144
275,OR,19.242857142857144
157,AND,11.7
337,AND,11.7
157,OR,19.985714285714284
337,OR,19.985714285714284
99,AND,18.614285714285714
210,AND,18.614285714285714
99,OR,25.257142857142856
210,OR,25.257142857142856
352,AND,1.0
271,AND,1.0
352,OR,35.32857142857143
271,OR,35.32857142857143
313,AND,1.0
147,AND,1.0
313,OR,27.985714285714284
147,OR,27.985714285714284
300,AND,6.085714285714285
80,AND,6.085714285714285
300,OR,24.914285714285715
80,OR,24.914285714285715
235,AND,14.471428571428572
181,AND,14.471428571428572
235,OR,30.9
181,OR,30.9
69,AND,28.814285714285713
77,AND,28.814285714285713
69,OR,14.4
77,OR,14.4
134,AND,4.385714285714286
288,AND,4.385714285714286
134,OR,23.15714285714286
288,OR,23.15714285714286
82,AND,1.0
221,AND,1.0
82,OR,33.65714285714286
221,OR,33.65714285714286
360,AND,16.6
349,AND,16.6
360,OR,24.557142857142857
349,OR,24.557142857142857
166,AND,17.942857142857143
320,AND,17.942857142857143
166,OR,44.01428571428571
320,OR,44.01428571428571
59,AND,9.471428571428572
212,AND,9.471428571428572
59,OR,10.614285714285714
212,OR,10.614285714285714
329,AND,23.814285714285713
163,AND,23.814285714285713
329,OR,34.48571428571429
163,OR,34.48571428571429
215,AND,11.242857142857142
283,AND,11.242857142857142
215,OR,20.87142857142857
283,OR,20.87142857142857
137,AND,7.328571428571428
366,AND,7.328571428571428
137,OR,22.985714285714284
366,OR,22.985714285714284
302,AND,17.9
110,AND,17.9
302,OR,32.81428571428572
110,OR,32.81428571428572
147,AND,1.0
61,AND,1.0
147,OR,14.5
61,OR,14.5
260,AND,14.085714285714285
369,AND,14.085714285714285
260,OR,21.257142857142856
369,OR,21.257142857142856
51,AND,5.042857142857143
32,AND,5.042857142857143
51,OR,8.7
32,OR,8.7
75,AND,1.0
108,AND,1.0
75,OR,12.557142857142857
108,OR,12.557142857142857
288,AND,1.0
349,AND,1.0
288,OR,30.757142857142856
349,OR,30.757142857142856
319,AND,27.1
198,AND,27.1
319,OR,30.271428571428572
198,OR,30.271428571428572
164,AND,4.128571428571429
125,AND,4.128571428571429
164,OR,17.542857142857144
125,OR,17.542857142857144
352,AND,11.6
138,AND,11.6
352,OR,22.385714285714286
138,OR,22.385714285714286
107,AND,21.6
313,AND,21.6
107,OR,27.942857142857143
313,OR,27.942857142857143
259,AND,17.02857142857143
25,AND,17.02857142857143
259,OR,5.914285714285715
25,OR,5.914285714285715
295,AND,15.7
210,AND,15.7
295,OR,23.885714285714286
210,OR,23.885714285714286
280,AND,7.542857142857143
265,AND,7.542857142857143
280,OR,30.314285714285713
265,OR,30.314285714285713
358,AND,6.914285714285715
51,AND,6.914285714285715
358,OR,26.32857142857143
51,OR,26.32857142857143
266,AND,6.357142857142857
84,AND,6.357142857142857
266,OR,15.785714285714286
84,OR,15.785714285714286
132,AND,5.057142857142857
50,AND,5.057142857142857
132,OR,16.614285714285714
50,OR,16.614285714285714
187,AND,3.757142857142857
262,AND,3.757142857142857
187,OR,18.585714285714285
262,OR,18.585714285714285
31,AND,10.685714285714285
294,AND,10.685714285714285
31,OR,17.257142857142856
294,OR,17.257142857142856
260,AND,1.0
345,AND,1.0
260,OR,30.47142857142857
345,OR,30.47142857142857
152,AND,2.4
66,AND,2.4
152,OR,13.842857142857143
66,OR,13.842857142857143
144,AND,2.4285714285714284
160,AND,2.4285714285714284
144,OR,23.4
160,OR,23.4
233,AND,14.2
98,AND,14.2
233,OR,27.9
98,OR,27.9
75,AND,3.2714285714285714
368,AND,3.2714285714285714
75,OR,22.47142857142857
368,OR,22.47142857142857
291,AND,23.114285714285714
176,AND,23.114285714285714
291,OR,32.0
176,OR,32.0
153,AND,5.857142857142857
73,AND,5.857142857142857
153,OR,18.214285714285715
73,OR,18.214285714285715
224,AND,10.185714285714285
241,AND,10.185714285714285
224,OR,39.7
241,OR,39.7
63,AND,4.257142857142857
155,AND,4.257142857142857
63,OR,25.9
155,OR,25.9
108,AND,1.0
82,AND,1.0
108,OR,14.314285714285715
82,OR,14.314285714285715
288,AND,1.0
263,AND,1.0
288,OR,27.928571428571427
263,OR,27.928571428571427
87,AND,8.685714285714285
110,AND,8.685714285714285
87,OR,29.385714285714286
110,OR,29.385714285714286
201,AND,25.957142857142856
326,AND,25.957142857142856
201,OR,29.228571428571428
326,OR,29.228571428571428
185,AND,23.957142857142856
357,AND,23.957142857142856
185,OR,31.685714285714287
357,OR,31.685714285714287
161,AND,10.342857142857143
322,AND,10.342857142857143
161,OR,20.2
322,OR,20.2
58,AND,1.0
205,AND,1.0
58,OR,14.957142857142857
205,OR,14.957142857142857
40,AND,5.685714285714286
251,AND,5.685714285714286
40,OR,22.82857142857143
251,OR,22.82857142857143
235,AND,1.0
122,AND,1.0
235,OR,41.214285714285715
122,OR,41.214285714285715
349,AND,18.214285714285715
354,AND,18.214285714285715
349,OR,23.285714285714285
354,OR,23.285714285714285
367,AND,1.0
261,AND,1.0
367,OR,29.62857142857143
261,OR,29.62857142857143
150,AND,1.0
303,AND,1.0
150,OR,33.642857142857146
303,OR,33.642857142857146
303,AND,18.4
183,AND,18.4
303,OR,26.7
183,OR,26.7
152,AND,10.985714285714286
170,AND,10.985714285714286
152,OR,23.614285714285714
170,OR,23.614285714285714
216,AND,1.0
344,AND,1.0
216,OR,31.285714285714285
344,OR,31.285714285714285
135,AND,16.52857142857143
360,AND,16.52857142857143
135,OR,35.857142857142854
360,OR,35.857142857142854
231,AND,1.0
155,AND,1.0
231,OR,26.085714285714285
155,OR,26.085714285714285
336,AND,13.542857142857143
165,AND,13.542857142857143
336,OR,38.31428571428572
165,OR,38.31428571428572
172,AND,16.142857142857142
234,AND,16.142857142857142
172,OR,39.885714285714286
234,OR,39.885714285714286
38,AND,3.5
220,AND,3.5
38,OR,21.8
220,OR,21.8
263,AND,1.0
120,AND,1.0
263,OR,18.957142857142856
120,OR,18.957142857142856
184,AND,6.1
258,AND,6.1
184,OR,37.871428571428574
258,OR,37.871428571428574
118,AND,22.614285714285714
33,AND,22.614285714285714
118,OR,26.32857142857143
33,OR,26.32857142857143
44,AND,1.0
277,AND,1.0
44,OR,28.5
277,OR,28.5
261,AND,5.142857142857143
152,AND,5.142857142857143
261,OR,18.3
152,OR,18.3
255,AND,19.65714285714286
291,AND,19.65714285714286
255,OR,31.357142857142858
291,OR,31.357142857142858
152,AND,13.957142857142857
344,AND,13.957142857142857
152,OR,32.385714285714286
344,OR,32.385714285714286
353,AND,1.0
70,AND,1.0
353,OR,22.414285714285715
70,OR,22.414285714285715
244,AND,11.8
328,AND,11.8
244,OR,29.15714285714286
328,OR,29.15714285714286
224,AND,11.128571428571428
180,AND,11.128571428571428
224,OR,45.285714285714285
180,OR,45.285714285714285
286,AND,4.414285714285715
101,AND,4.414285714285715
286,OR,21.814285714285713
101,OR,21.814285714285713
128,AND,4.5
310,AND,4.5
128,OR,30.071428571428573
310,OR,30.071428571428573
271,AND,13.057142857142857
133,AND,13.057142857142857
271,OR,14.442857142857143
133,OR,14.442857142857143
263,AND,14.585714285714285
251,AND,14.585714285714285
263,OR,23.15714285714286
251,OR,23.15714285714286
191,AND,5.4
78,AND,5.4
191,OR,12.271428571428572
78,OR,12.271428571428572
318,AND,25.5
69,AND,25.5
318,OR,21.857142857142858
69,OR,21.857142857142858
38,AND,12.0
149,AND,12.0
38,OR,11.557142857142857
149,OR,11.557142857142857
259,AND,9.32857142857143
247,AND,9.32857142857143
259,OR,19.928571428571427
247,OR,19.928571428571427
216,AND,25.571428571428573
331,AND,25.571428571428573
216,OR,38.32857142857143
331,OR,38.32857142857143
229,AND,16.84285714285714
101,AND,16.84285714285714
229,OR,20.957142857142856
101,OR,20.957142857142856
143,AND,10.542857142857143
185,AND,10.542857142857143
143,OR,16.15714285714286
185,OR,16.15714285714286
358,AND,14.157142857142857
263,AND,14.157142857142857
358,OR,18.65714285714286
263,OR,18.65714285714286
179,AND,8.9
271,AND,8.9
179,OR,19.514285714285716
271,OR,19.514285714285716
68,AND,6.3428571428571425
71,AND,6.3428571428571425
68,OR,17.6
71,OR,17.6
226,AND,5.2
42,AND,5.2
226,OR,34.614285714285714
42,OR,34.614285714285714
326,AND,18.9
180,AND,18.9
326,OR,34.642857142857146
180,OR,34.642857142857146
344,AND,24.428571428571427
333,AND,24.428571428571427
344,OR,30.914285714285715
333,OR,30.914285714285715
88,AND,16.685714285714287
295,AND,16.685714285714287
88,OR,35.885714285714286
295,OR,35.885714285714286
327,AND,12.82857142857143
203,AND,12.82857142857143
327,OR,37.5
203,OR,37.5
142,AND,1.0
307,AND,1.0
142,OR,28.485714285714284
307,OR,28.485714285714284
265,AND,1.0
213,AND,1.0
265,OR,25.12857142857143
213,OR,25.12857142857143
71,AND,13.6
287,AND,13.6
71,OR,21.271428571428572
287,OR,21.271428571428572
290,AND,1.0
193,AND,1.0
290,OR,32.91428571428571
193,OR,32.91428571428571
117,AND,14.014285714285714
194,AND,14.014285714285714
117,OR,21.514285714285716
194,OR,21.514285714285716
278,AND,12.814285714285715
100,AND,12.814285714285715
278,OR,32.91428571428571
100,OR,32.91428571428571
270,AND,16.714285714285715
60,AND,16.714285714285715
270,OR,26.87142857142857
60,OR,26.87142857142857
281,AND,1.0
341,AND,1.0
281,OR,35.2
341,OR,35.2
82,AND,5.771428571428571
30,AND,5.771428571428571
82,OR,8.785714285714286
30,OR,8.785714285714286
28,AND,5.257142857142857
338,AND,5.257142857142857
28,OR,20.02857142857143
338,OR,20.02857142857143
277,AND,11.257142857142858
126,AND,11.257142857142858
277,OR,36.6
126,OR,36.6
327,AND,6.442857142857143
245,AND,6.442857142857143
327,OR,20.15714285714286
245,OR,20.15714285714286
197,AND,1.0
367,AND,1.0
197,OR,36.58571428571429
367,OR,36.58571428571429
315,AND,20.1
328,AND,20.1
315,OR,30.32857142857143
328,OR,30.32857142857143
38,AND,7.285714285714286
366,AND,7.285714285714286
38,OR,24.9
366,OR,24.9
195,AND,10.142857142857142
290,AND,10.142857142857142
195,OR,18.071428571428573
290,OR,18.071428571428573
178,AND,9.871428571428572
125,AND,9.871428571428572
178,OR,41.1
125,OR,41.1
26,AND,1.0
190,AND,1.0
26,OR,16.9
190,OR,16.9
342,AND,17.942857142857143
368,AND,17.942857142857143
342,OR,21.185714285714287
368,OR,21.185714285714287
33,AND,19.757142857142856
299,AND,19.757142857142856
33,OR,12.842857142857143
299,OR,12.842857142857143
133,AND,6.3
86,AND,6.3
133,OR,13.114285714285714
86,OR,13.114285714285714
187,AND,11.614285714285714
171,AND,11.614285714285714
187,OR,30.7
171,OR,30.7
352,AND,16.042857142857144
128,AND,16.042857142857144
352,OR,33.98571428571429
128,OR,33.98571428571429
299,AND,8.67142857142857
256,AND,8.67142857142857
299,OR,33.357142857142854
256,OR,33.357142857142854
44,AND,10.942857142857143
306,AND,10.942857142857143
44,OR,30.32857142857143
306,OR,30.32857142857143
45,AND,14.857142857142858
64,AND,14.857142857142858
45,OR,20.52857142857143
64,OR,20.52857142857143
245,AND,7.2
161,AND,7.2
245,OR,17.571428571428573
161,OR,17.571428571428573
191,AND,13.114285714285714
69,AND,13.114285714285714
191,OR,13.885714285714286
69,OR,13.885714285714286
82,AND,1.0
260,AND,1.0
82,OR,13.085714285714285
260,OR,13.085714285714285
234,AND,15.428571428571429
226,AND,15.428571428571429
234,OR,41.9
226,OR,41.9
153,AND,9.114285714285714
132,AND,9.114285714285714
153,OR,9.471428571428572
132,OR,9.471428571428572
318,AND,1.0
275,AND,1.0
318,OR,32.48571428571429
275,OR,32.48571428571429
258,AND,5.428571428571429
117,AND,5.428571428571429
258,OR,17.057142857142857
117,OR,17.057142857142857
326,AND,18.614285714285714
97,AND,18.614285714285714
326,OR,21.12857142857143
97,OR,21.12857142857143
44,AND,1.0
362,AND,1.0
44,OR,24.285714285714285
362,OR,24.285714285714285
276,AND,4.985714285714286
292,AND,4.985714285714286
276,OR,26.914285714285715
292,OR,26.914285714285715
266,AND,1.0
358,AND,1.0
266,OR,37.02857142857143
358,OR,37.02857142857143
264,AND,10.414285714285715
245,AND,10.414285714285715
264,OR,21.242857142857144
245,OR,21.242857142857144
45,AND,17.557142857142857
163,AND,17.557142857142857
45,OR,40.02857142857143
163,OR,40.02857142857143
165,AND,12.885714285714286
365,AND,12.885714285714286
165,OR,24.142857142857142
365,OR,24.142857142857142
184,AND,6.142857142857143
260,AND,6.142857142857143
184,OR,20.15714285714286
260,OR,20.15714285714286
77,AND,19.542857142857144
362,AND,19.542857142857144
77,OR,22.82857142857143
362,OR,22.82857142857143
238,AND,12.614285714285714
331,AND,12.614285714285714
238,OR,14.842857142857143
331,OR,14.842857142857143
250,AND,1.0
371,AND,1.0
250,OR,31.02857142857143
371,OR,31.02857142857143
334,AND,14.614285714285714
349,AND,14.614285714285714
334,OR,22.314285714285713
349,OR,22.314285714285713
297,AND,1.0
244,AND,1.0
297,OR,26.52857142857143
244,OR,26.52857142857143
289,AND,23.114285714285714
124,AND,23.114285714285714
289,OR,21.542857142857144
124,OR,21.542857142857144
131,AND,9.057142857142857
335,AND,9.057142857142857
131,OR,21.84285714285714
335,OR,21.84285714285714
227,AND,10.071428571428571
302,AND,10.071428571428571
227,OR,18.542857142857144
302,OR,18.542857142857144
38,AND,2.4857142857142858
50,AND,2.4857142857142858
38,OR,9.842857142857143
50,OR,9.842857142857143
275,AND,1.0
291,AND,1.0
275,OR,31.7
291,OR,31.7
27,AND,1.0
364,AND,1.0
27,OR,24.742857142857144
364,OR,24.742857142857144
99,AND,16.82857142857143
297,AND,16.82857142857143
99,OR,31.12857142857143
297,OR,31.12857142857143
59,AND,25.185714285714287
316,AND,25.185714285714287
59,OR,35.714285714285715
316,OR,35.714285714285715
279,AND,1.0
364,AND,1.0
279,OR,37.84285714285714
364,OR,37.84285714285714
283,AND,2.0
221,AND,2.0
283,OR,34.8
221,OR,34.8
283,AND,22.4
29,AND,22.4
283,OR,19.6
29,OR,19.6
249,AND,4.014285714285714
124,AND,4.014285714285714
249,OR,14.757142857142858
124,OR,14.757142857142858
277,AND,3.9285714285714284
245,AND,3.9285714285714284
277,OR,26.0
245,OR,26.0
365,AND,19.114285714285714
39,AND,19.114285714285714
365,OR,9.257142857142858
39,OR,9.257142857142858
44,AND,22.17142857142857
326,AND,22.17142857142857
44,OR,18.985714285714284
326,OR,18.985714285714284
120,AND,7.428571428571429
148,AND,7.428571428571429
120,OR,14.428571428571429
148,OR,14.428571428571429
129,AND,1.0
368,AND,1.0
129,OR,27.214285714285715
368,OR,27.214285714285715
301,AND,1.0
360,AND,1.0
301,OR,40.885714285714286
360,OR,40.885714285714286
371,AND,21.985714285714284
49,AND,21.985714285714284
371,OR,13.685714285714285
49,OR,13.685714285714285
147,AND,8.057142857142857
191,AND,8.057142857142857
147,OR,42.74285714285714
191,OR,42.74285714285714
291,AND,2.6
255,AND,2.6
291,OR,26.514285714285716
255,OR,26.514285714285716
277,AND,15.228571428571428
167,AND,15.228571428571428
277,OR,25.9
167,OR,25.9
56,AND,1.0
307,AND,1.0
56,OR,19.271428571428572
307,OR,19.271428571428572
121,AND,6.228571428571429
89,AND,6.228571428571429
121,OR,23.485714285714284
89,OR,23.485714285714284
314,AND,1.0
238,AND,1.0
314,OR,30.65714285714286
238,OR,30.65714285714286
235,AND,1.0
301,AND,1.0
235,OR,36.58571428571429
301,OR,36.58571428571429
63,AND,15.342857142857143
292,AND,15.342857142857143
63,OR,15.871428571428572
292,OR,15.871428571428572
313,AND,23.885714285714286
67,AND,23.885714285714286
313,OR,27.32857142857143
67,OR,27.32857142857143
232,AND,1.0
237,AND,1.0
232,OR,27.142857142857142
237,OR,27.142857142857142
239,AND,1.0
213,AND,1.0
239,OR,22.042857142857144
213,OR,22.042857142857144
324,AND,23.885714285714286
115,AND,23.885714285714286
324,OR,20.585714285714285
115,OR,20.585714285714285
369,AND,1.0
245,AND,1.0
369,OR,33.885714285714286
245,OR,33.885714285714286
352,AND,1.0
301,AND,1.0
352,OR,38.58571428571429
301,OR,38.58571428571429
213,AND,10.9
194,AND,10.9
213,OR,33.48571428571429
194,OR,33.48571428571429
280,AND,1.0
150,AND,1.0
280,OR,25.714285714285715
150,OR,25.714285714285715
122,AND,12.414285714285715
267,AND,12.414285714285715
122,OR,22.32857142857143
267,OR,22.32857142857143
146,AND,1.0
341,AND,1.0
146,OR,30.67142857142857
341,OR,30.67142857142857
262,AND,1.0
343,AND,1.0
262,OR,29.12857142857143
343,OR,29.12857142857143
130,AND,3.4857142857142858
117,AND,3.4857142857142858
130,OR,23.114285714285714
117,OR,23.114285714285714
281,AND,22.6
53,AND,22.6
281,OR,32.98571428571429
53,OR,32.98571428571429
78,AND,12.914285714285715
203,AND,12.914285714285715
78,OR,27.3
203,OR,27.3
275,AND,1.0
249,AND,1.0
275,OR,35.07142857142857
249,OR,35.07142857142857
39,AND,14.985714285714286
337,AND,14.985714285714286
39,OR,11.185714285714285
337,OR,11.185714285714285
64,AND,12.414285714285715
187,AND,12.414285714285715
64,OR,16.357142857142858
187,OR,16.357142857142858
313,AND,8.17142857142857
113,AND,8.17142857142857
313,OR,23.985714285714284
113,OR,23.985714285714284
246,AND,5.5
68,AND,5.5
246,OR,28.4
68,OR,28.4
82,AND,3.357142857142857
32,AND,3.357142857142857
82,OR,13.542857142857143
32,OR,13.542857142857143
278,AND,17.542857142857144
126,AND,17.542857142857144
278,OR,22.742857142857144
126,OR,22.742857142857144
203,AND,12.32857142857143
93,AND,12.32857142857143
203,OR,12.871428571428572
93,OR,12.871428571428572
224,AND,1.0
296,AND,1.0
224,OR,29.142857142857142
296,OR,29.142857142857142
137,AND,1.0
294,AND,1.0
137,OR,20.67142857142857
294,OR,20.67142857142857
80,AND,9.042857142857143
109,AND,9.042857142857143
80,OR,29.414285714285715
109,OR,29.414285714285715
30,AND,21.757142857142856
100,AND,21.757142857142856
30,OR,17.214285714285715
100,OR,17.214285714285715
54,AND,18.414285714285715
49,AND,18.414285714285715
54,OR,21.1
49,OR,21.1
91,AND,20.542857142857144
115,AND,20.542857142857144
91,OR,25.914285714285715
115,OR,25.914285714285715
300,AND,9.442857142857143
350,AND,9.442857142857143
300,OR,30.014285714285716
350,OR,30.014285714285716
115,AND,8.228571428571428
338,AND,8.228571428571428
115,OR,19.428571428571427
338,OR,19.428571428571427
156,AND,1.0
190,AND,1.0
156,OR,16.15714285714286
190,OR,16.15714285714286
153,AND,25.642857142857142
143,AND,25.642857142857142
153,OR,40.871428571428574
143,OR,40.871428571428574
338,AND,19.228571428571428
71,AND,19.228571428571428
338,OR,16.542857142857144
71,OR,16.542857142857144
88,AND,12.028571428571428
244,AND,12.028571428571428
88,OR,35.18571428571428
244,OR,35.18571428571428
38,AND,1.0
57,AND,1.0
38,OR,8.142857142857142
57,OR,8.142857142857142
135,AND,11.685714285714285
355,AND,11.685714285714285
135,OR,32.22857142857143
355,OR,32.22857142857143
88,AND,30.52857142857143
140,AND,30.52857142857143
88,OR,40.3
140,OR,40.3
121,AND,13.428571428571429
130,AND,13.428571428571429
121,OR,23.485714285714284
130,OR,23.485714285714284
298,AND,1.0
249,AND,1.0
298,OR,32.285714285714285
249,OR,32.285714285714285
39,AND,6.514285714285714
84,AND,6.514285714285714
39,OR,8.142857142857142
84,OR,8.142857142857142
304,AND,18.0
298,AND,18.0
304,OR,25.52857142857143
298,OR,25.52857142857143
143,AND,8.785714285714286
345,AND,8.785714285714286
143,OR,20.1
345,OR,20.1
142,AND,11.257142857142858
146,AND,11.257142857142858
142,OR,26.7
146,OR,26.7
187,AND,11.657142857142857
59,AND,11.657142857142857
187,OR,8.428571428571429
59,OR,8.428571428571429
242,AND,18.82857142857143
99,AND,18.82857142857143
242,OR,32.6
99,OR,32.6
174,AND,2.4
282,AND,2.4
174,OR,33.52857142857143
282,OR,33.52857142857143
328,AND,26.757142857142856
189,AND,26.757142857142856
328,OR,35.48571428571429
189,OR,35.48571428571429
271,AND,1.0
307,AND,1.0
271,OR,29.414285714285715
307,OR,29.414285714285715
194,AND,2.0
312,AND,2.0
194,OR,32.74285714285714
312,OR,32.74285714285714
295,AND,1.0
238,AND,1.0
295,OR,31.17142857142857
238,OR,31.17142857142857
252,AND,1.0
197,AND,1.0
252,OR,22.142857142857142
197,OR,22.142857142857142
176,AND,22.071428571428573
53,AND,22.071428571428573
176,OR,24.742857142857144
53,OR,24.742857142857144
308,AND,1.0
353,AND,1.0
308,OR,37.97142857142857
353,OR,37.97142857142857
130,AND,7.042857142857143
133,AND,7.042857142857143
130,OR,12.4
133,OR,12.4
134,AND,1.0
290,AND,1.0
134,OR,26.47142857142857
290,OR,26.47142857142857
81,AND,10.571428571428571
182,AND,10.571428571428571
81,OR,18.085714285714285
182,OR,18.085714285714285
120,AND,5.0
217,AND,5.0
120,OR,37.542857142857144
217,OR,37.542857142857144
234,AND,8.857142857142858
130,AND,8.857142857142858
234,OR,34.55714285714286
130,OR,34.55714285714286
79,AND,16.357142857142858
315,AND,16.357142857142858
79,OR,29.84285714285714
315,OR,29.84285714285714
289,AND,3.2142857142857144
54,AND,3.2142857142857144
289,OR,22.12857142857143
54,OR,22.12857142857143
308,AND,12.528571428571428
89,AND,12.528571428571428
308,OR,30.97142857142857
89,OR,30.97142857142857
211,AND,9.485714285714286
104,AND,9.485714285714286
211,OR,48.24285714285714
104,OR,48.24285714285714
360,AND,5.085714285714285
126,AND,5.085714285714285
360,OR,30.257142857142856
126,OR,30.257142857142856
146,AND,1.0
222,AND,1.0
146,OR,18.214285714285715
222,OR,18.214285714285715
362,AND,15.32857142857143
276,AND,15.32857142857143
362,OR,40.34285714285714
276,OR,40.34285714285714
142,AND,1.0
147,AND,1.0
142,OR,16.785714285714285
147,OR,16.785714285714285
254,AND,1.0
242,AND,1.0
254,OR,24.685714285714287
242,OR,24.685714285714287
126,AND,3.142857142857143
210,AND,3.142857142857143
126,OR,24.771428571428572
210,OR,24.771428571428572
108,AND,4.942857142857143
184,AND,4.942857142857143
108,OR,32.285714285714285
184,OR,32.285714285714285
48,AND,12.742857142857142
143,AND,12.742857142857142
48,OR,18.942857142857143
143,OR,18.942857142857143
188,AND,11.042857142857143
64,AND,11.042857142857143
188,OR,12.957142857142857
64,OR,12.957142857142857
149,AND,10.17142857142857
143,AND,10.17142857142857
149,OR,41.714285714285715
143,OR,41.714285714285715
249,AND,24.257142857142856
43,AND,24.257142857142856
249,OR,29.34285714285714
43,OR,29.34285714285714
258,AND,8.457142857142857
355,AND,8.457142857142857
258,OR,29.857142857142858
355,OR,29.857142857142858
66,AND,16.17142857142857
247,AND,16.17142857142857
66,OR,17.2
247,OR,17.2
293,AND,14.114285714285714
180,AND,14.114285714285714
293,OR,27.0
180,OR,27.0
260,AND,14.1
108,AND,14.1
260,OR,18.642857142857142
108,OR,18.642857142857142
100,AND,1.0
328,AND,1.0
100,OR,31.84285714285714
328,OR,31.84285714285714
34,AND,5.957142857142857
150,AND,5.957142857142857
34,OR,12.957142857142857
150,OR,12.957142857142857
115,AND,8.414285714285715
182,AND,8.414285714285715
115,OR,40.68571428571428
182,OR,40.68571428571428
190,AND,1.0
225,AND,1.0
190,OR,19.357142857142858
225,OR,19.357142857142858
282,AND,10.514285714285714
181,AND,10.514285714285714
282,OR,39.4
181,OR,39.4
338,AND,10.614285714285714
254,AND,10.614285714285714
338,OR,24.385714285714286
254,OR,24.385714285714286
125,AND,9.185714285714285
299,AND,9.185714285714285
125,OR,23.885714285714286
299,OR,23.885714285714286
119,AND,1.0
201,AND,1.0
119,OR,21.4
201,OR,21.4
251,AND,3.3142857142857145
61,AND,3.3142857142857145
251,OR,15.928571428571429
61,OR,15.928571428571429
184,AND,20.65714285714286
362,AND,20.65714285714286
184,OR,40.31428571428572
362,OR,40.31428571428572
85,AND,14.2
289,AND,14.2
85,OR,13.014285714285714
289,OR,13.014285714285714
254,AND,1.0
94,AND,1.0
254,OR,19.514285714285716
94,OR,19.514285714285716
27,AND,23.285714285714285
343,AND,23.285714285714285
27,OR,11.442857142857143
343,OR,11.442857142857143
144,AND,9.8
193,AND,9.8
144,OR,44.15714285714286
193,OR,44.15714285714286
137,AND,7.0285714285714285
281,AND,7.0285714285714285
137,OR,21.242857142857144
281,OR,21.242857142857144
156,AND,8.457142857142857
365,AND,8.457142857142857
156,OR,22.271428571428572
365,OR,22.271428571428572
310,AND,23.642857142857142
69,AND,23.642857142857142
310,OR,31.714285714285715
69,OR,31.714285714285715
100,AND,6.0
222,AND,6.0
100,OR,33.41428571428571
222,OR,33.41428571428571
359,AND,10.271428571428572
242,AND,10.271428571428572
359,OR,21.271428571428572
242,OR,21.271428571428572
153,AND,1.0
109,AND,1.0
153,OR,20.3
109,OR,20.3
173,AND,24.47142857142857
302,AND,24.47142857142857
173,OR,44.371428571428574
302,OR,44.371428571428574
304,AND,1.0
143,AND,1.0
304,OR,35.142857142857146
143,OR,35.142857142857146
192,AND,1.0
130,AND,1.0
192,OR,19.0
130,OR,19.0
88,AND,1.0
219,AND,1.0
88,OR,26.271428571428572
219,OR,26.271428571428572
211,AND,11.057142857142857
242,AND,11.057142857142857
211,OR,40.128571428571426
242,OR,40.128571428571426
353,AND,2.9857142857142858
44,AND,2.9857142857142858
353,OR,21.8
44,OR,21.8
101,AND,6.485714285714286
203,AND,6.485714285714286
101,OR,25.685714285714287
203,OR,25.685714285714287
249,AND,7.557142857142857
257,AND,7.557142857142857
249,OR,15.142857142857142
257,OR,15.142857142857142
94,AND,1.0
262,AND,1.0
94,OR,20.0
262,OR,20.0
301,AND,1.0
338,AND,1.0
301,OR,38.871428571428574
338,OR,38.871428571428574
133,AND,10.085714285714285
169,AND,10.085714285714285
133,OR,13.82857142857143
169,OR,13.82857142857143
61,AND,10.885714285714286
232,AND,10.885714285714286
61,OR,28.442857142857143
232,OR,28.442857142857143
177,AND,2.0
328,AND,2.0
177,OR,34.55714285714286
328,OR,34.55714285714286
112,AND,24.62857142857143
313,AND,24.62857142857143
112,OR,20.32857142857143
313,OR,20.32857142857143
29,AND,22.957142857142856
310,AND,22.957142857142856
29,OR,12.628571428571428
310,OR,12.628571428571428
358,AND,12.285714285714286
157,AND,12.285714285714286
358,OR,18.15714285714286
157,OR,18.15714285714286
258,AND,1.0
361,AND,1.0
258,OR,38.114285714285714
361,OR,38.114285714285714
323,AND,19.042857142857144
45,AND,19.042857142857144
323,OR,13.5
45,OR,13.5
317,AND,4.985714285714286
98,AND,4.985714285714286
317,OR,17.614285714285714
98,OR,17.614285714285714
165,AND,9.714285714285714
369,AND,9.714285714285714
165,OR,23.885714285714286
369,OR,23.885714285714286
120,AND,8.285714285714286
186,AND,8.285714285714286
120,OR,42.42857142857143
186,OR,42.42857142857143
371,AND,3.9
103,AND,3.9
371,OR,28.15714285714286
103,OR,28.15714285714286
274,AND,1.0
88,AND,1.0
274,OR,17.085714285714285
88,OR,17.085714285714285
283,AND,14.642857142857142
173,AND,14.642857142857142
283,OR,38.871428571428574
173,OR,38.871428571428574
113,AND,6.671428571428572
257,AND,6.671428571428572
113,OR,18.057142857142857
257,OR,18.057142857142857
284,AND,1.0
352,AND,1.0
284,OR,38.01428571428571
352,OR,38.01428571428571
271,AND,14.657142857142857
117,AND,14.657142857142857
271,OR,30.0
117,OR,30.0
157,AND,20.47142857142857
317,AND,20.47142857142857
157,OR,31.928571428571427
317,OR,31.928571428571427
364,AND,1.0
129,AND,1.0
364,OR,28.885714285714286
129,OR,28.885714285714286
291,AND,1.0
60,AND,1.0
291,OR,20.442857142857143
60,OR,20.442857142857143
280,AND,1.0
65,AND,1.0
280,OR,16.97142857142857
65,OR,16.97142857142857
253,AND,13.971428571428572
40,AND,13.971428571428572
253,OR,22.32857142857143
40,OR,22.32857142857143
77,AND,37.871428571428574
197,AND,37.871428571428574
77,OR,20.32857142857143
197,OR,20.32857142857143
67,AND,11.285714285714286
295,AND,11.285714285714286
67,OR,23.985714285714284
295,OR,23.985714285714284
270,AND,3.757142857142857
39,AND,3.757142857142857
270,OR,34.385714285714286
39,OR,34.385714285714286
156,AND,8.471428571428572
239,AND,8.471428571428572
156,OR,14.114285714285714
239,OR,14.114285714285714
25,AND,9.614285714285714
65,AND,9.614285714285714
25,OR,17.314285714285713
65,OR,17.314285714285713
224,AND,11.185714285714285
300,AND,11.185714285714285
224,OR,22.742857142857144
300,OR,22.742857142857144
224,AND,1.0
125,AND,1.0
224,OR,17.442857142857143
125,OR,17.442857142857143
231,AND,1.0
58,AND,1.0
231,OR,16.52857142857143
58,OR,16.52857142857143
337,AND,5.5285714285714285
100,AND,5.5285714285714285
337,OR,32.957142857142856
100,OR,32.957142857142856
192,AND,14.871428571428572
234,AND,14.871428571428572
192,OR,18.5
234,OR,18.5
124,AND,1.0
370,AND,1.0
124,OR,28.714285714285715
370,OR,28.714285714285715
241,AND,22.52857142857143
326,AND,22.52857142857143
241,OR,28.185714285714287
326,OR,28.185714285714287
210,AND,9.157142857142857
338,AND,9.157142857142857
210,OR,39.614285714285714
338,OR,39.614285714285714
65,AND,11.928571428571429
220,AND,11.928571428571429
65,OR,16.857142857142858
220,OR,16.857142857142858
108,AND,9.2
143,AND,9.2
108,OR,19.185714285714287
143,OR,19.185714285714287
208,AND,1.0
191,AND,1.0
208,OR,23.8
191,OR,23.8
337,AND,12.585714285714285
283,AND,12.585714285714285
337,OR,26.32857142857143
283,OR,26.32857142857143
277,AND,13.914285714285715
173,AND,13.914285714285715
277,OR,36.885714285714286
173,OR,36.885714285714286
366,AND,18.857142857142858
115,AND,18.857142857142858
366,OR,32.4
115,OR,32.4
27,AND,1.0
275,AND,1.0
27,OR,17.5
275,OR,17.5
136,AND,7.1571428571428575
25,AND,7.1571428571428575
136,OR,13.585714285714285
25,OR,13.585714285714285
60,AND,4.457142857142857
221,AND,4.457142857142857
60,OR,25.7
221,OR,25.7
356,AND,10.957142857142857
153,AND,10.957142857142857
356,OR,22.514285714285716
153,OR,22.514285714285716
291,AND,18.571428571428573
371,AND,18.571428571428573
291,OR,24.65714285714286
371,OR,24.65714285714286
52,AND,21.15714285714286
317,AND,21.15714285714286
52,OR,30.985714285714284
317,OR,30.985714285714284
28,AND,3.2285714285714286
56,AND,3.2285714285714286
28,OR,19.185714285714287
56,OR,19.185714285714287
188,AND,19.414285714285715
307,AND,19.414285714285715
188,OR,26.728571428571428
307,OR,26.728571428571428
77,AND,10.457142857142857
150,AND,10.457142857142857
77,OR,26.942857142857143
150,OR,26.942857142857143
180,AND,25.5
278,AND,25.5
180,OR,34.27142857142857
278,OR,34.27142857142857
324,AND,2.0
185,AND,2.0
324,OR,36.9
185,OR,36.9
294,AND,1.0
347,AND,1.0
294,OR,30.042857142857144
347,OR,30.042857142857144
331,AND,19.32857142857143
80,AND,19.32857142857143
331,OR,14.9
80,OR,14.9
191,AND,15.728571428571428
348,AND,15.728571428571428
191,OR,43.371428571428574
348,OR,43.371428571428574
122,AND,1.0
256,AND,1.0
122,OR,31.1
256,OR,31.1
190,AND,1.0
104,AND,1.0
190,OR,22.857142857142858
104,OR,22.857142857142858
49,AND,2.8142857142857145
67,AND,2.8142857142857145
49,OR,11.514285714285714
67,OR,11.514285714285714
231,AND,18.271428571428572
279,AND,18.271428571428572
231,OR,45.58571428571429
279,OR,45.58571428571429
291,AND,14.8
271,AND,14.8
291,OR,22.614285714285714
271,OR,22.614285714285714
256,AND,1.0
221,AND,1.0
256,OR,25.914285714285715
221,OR,25.914285714285715
185,AND,2.2857142857142856
74,AND,2.2857142857142856
185,OR,21.142857142857142
74,OR,21.142857142857142
35,AND,1.0
268,AND,1.0
35,OR,23.685714285714287
268,OR,23.685714285714287
51,AND,18.357142857142858
111,AND,18.357142857142858
51,OR,24.428571428571427
111,OR,24.428571428571427
93,AND,1.0
56,AND,1.0
93,OR,10.371428571428572
56,OR,10.371428571428572
340,AND,14.957142857142857
188,AND,14.957142857142857
340,OR,33.32857142857143
188,OR,33.32857142857143
150,AND,8.0
132,AND,8.0
150,OR,39.4
132,OR,39.4
77,AND,9.6
175,AND,9.6
77,OR,24.114285714285714
175,OR,24.114285714285714
371,AND,21.557142857142857
38,AND,21.557142857142857
371,OR,9.585714285714285
38,OR,9.585714285714285
292,AND,1.0
338,AND,1.0
292,OR,33.857142857142854
338,OR,33.857142857142854
165,AND,2.4285714285714284
314,AND,2.4285714285714284
165,OR,39.47142857142857
314,OR,39.47142857142857
145,AND,13.0
274,AND,13.0
145,OR,18.642857142857142
274,OR,18.642857142857142
351,AND,14.271428571428572
178,AND,14.271428571428572
351,OR,42.957142857142856
178,OR,42.957142857142856
213,AND,10.757142857142858
132,AND,10.757142857142858
213,OR,16.614285714285714
132,OR,16.614285714285714
135,AND,2.6
68,AND,2.6
135,OR,14.771428571428572
68,OR,14.771428571428572
171,AND,1.0
243,AND,1.0
171,OR,25.985714285714284
243,OR,25.985714285714284
297,AND,19.84285714285714
107,AND,19.84285714285714
297,OR,27.957142857142856
107,OR,27.957142857142856
262,AND,8.685714285714285
119,AND,8.685714285714285
262,OR,28.271428571428572
119,OR,28.271428571428572
332,AND,15.3
330,AND,15.3
332,OR,18.314285714285713
330,OR,18.314285714285713
34,AND,20.571428571428573
323,AND,20.571428571428573
34,OR,22.97142857142857
323,OR,22.97142857142857
164,AND,1.0
244,AND,1.0
164,OR,24.47142857142857
244,OR,24.47142857142857
220,AND,1.0
135,AND,1.0
220,OR,21.6
135,OR,21.6
195,AND,15.242857142857142
80,AND,15.242857142857142
195,OR,14.9
80,OR,14.9
97,AND,6.957142857142857
199,AND,6.957142857142857
97,OR,36.285714285714285
199,OR,36.285714285714285
244,AND,9.9
261,AND,9.9
244,OR,18.085714285714285
261,OR,18.085714285714285
176,AND,3.8714285714285714
349,AND,3.8714285714285714
176,OR,40.52857142857143
349,OR,40.52857142857143
72,AND,2.8285714285714287
58,AND,2.8285714285714287
72,OR,19.728571428571428
58,OR,19.728571428571428
260,AND,8.5
132,AND,8.5
260,OR,14.857142857142858
132,OR,14.857142857142858
207,AND,16.042857142857144
114,AND,16.042857142857144
207,OR,31.014285714285716
114,OR,31.014285714285716
287,AND,1.0
294,AND,1.0
287,OR,26.4
294,OR,26.4
367,AND,9.442857142857143
214,AND,9.442857142857143
367,OR,41.58571428571429
214,OR,41.58571428571429
145,AND,20.242857142857144
308,AND,20.242857142857144
145,OR,26.514285714285716
308,OR,26.514285714285716
304,AND,20.271428571428572
122,AND,20.271428571428572
304,OR,22.885714285714286
122,OR,22.885714285714286
312,AND,16.457142857142856
159,AND,16.457142857142856
312,OR,38.2
159,OR,38.2
347,AND,19.67142857142857
166,AND,19.67142857142857
347,OR,35.714285714285715
166,OR,35.714285714285715
257,AND,10.485714285714286
204,AND,10.485714285714286
257,OR,13.371428571428572
204,OR,13.371428571428572
332,AND,9.914285714285715
333,AND,9.914285714285715
332,OR,23.357142857142858
333,OR,23.357142857142858
297,AND,21.428571428571427
178,AND,21.428571428571427
297,OR,16.485714285714284
178,OR,16.485714285714284
179,AND,13.357142857142858
164,AND,13.357142857142858
179,OR,42.92857142857143
164,OR,42.92857142857143
63,AND,1.0
248,AND,1.0
63,OR,16.071428571428573
248,OR,16.071428571428573
208,AND,10.985714285714286
130,AND,10.985714285714286
208,OR,23.785714285714285
130,OR,23.785714285714285
314,AND,6.0285714285714285
123,AND,6.0285714285714285
314,OR,26.15714285714286
123,OR,26.15714285714286
370,AND,21.685714285714287
191,AND,21.685714285714287
370,OR,34.6
191,OR,34.6
90,AND,6.228571428571429
306,AND,6.228571428571429
90,OR,38.31428571428572
306,OR,38.31428571428572
103,AND,1.0
187,AND,1.0
103,OR,21.8
187,OR,21.8
265,AND,1.0
201,AND,1.0
265,OR,25.47142857142857
201,OR,25.47142857142857
198,AND,22.62857142857143
286,AND,22.62857142857143
198,OR,43.457142857142856
286,OR,43.457142857142856
193,AND,11.628571428571428
76,AND,11.628571428571428
193,OR,31.7
76,OR,31.7
210,AND,1.0
371,AND,1.0
210,OR,38.48571428571429
371,OR,38.48571428571429
275,AND,15.771428571428572
26,AND,15.771428571428572
275,OR,8.957142857142857
26,OR,8.957142857142857
165,AND,2.0
104,AND,2.0
165,OR,19.02857142857143
104,OR,19.02857142857143
325,AND,6.1571428571428575
49,AND,6.1571428571428575
325,OR,25.771428571428572
49,OR,25.771428571428572
323,AND,3.0
112,AND,3.0
323,OR,28.957142857142856
112,OR,28.957142857142856
287,AND,9.442857142857143
251,AND,9.442857142857143
287,OR,20.914285714285715
251,OR,20.914285714285715
369,AND,6.0
98,AND,6.0
369,OR,23.271428571428572
98,OR,23.271428571428572
316,AND,12.114285714285714
250,AND,12.114285714285714
316,OR,25.771428571428572
250,OR,25.771428571428572
295,AND,15.528571428571428
281,AND,15.528571428571428
295,OR,25.414285714285715
281,OR,25.414285714285715
192,AND,14.014285714285714
353,AND,14.014285714285714
192,OR,21.514285714285716
353,OR,21.514285714285716
371,AND,22.071428571428573
101,AND,22.071428571428573
371,OR,19.071428571428573
101,OR,19.071428571428573
65,AND,5.228571428571429
141,AND,5.228571428571429
65,OR,12.314285714285715
141,OR,12.314285714285715
279,AND,16.15714285714286
80,AND,16.15714285714286
279,OR,21.97142857142857
80,OR,21.97142857142857
228,AND,11.685714285714285
188,AND,11.685714285714285
228,OR,45.5
188,OR,45.5
197,AND,9.728571428571428
92,AND,9.728571428571428
197,OR,49.128571428571426
92,OR,49.128571428571426
353,AND,18.428571428571427
333,AND,18.428571428571427
353,OR,29.1
333,OR,29.1
150,AND,14.814285714285715
326,AND,14.814285714285715
150,OR,35.44285714285714
326,OR,35.44285714285714
258,AND,4.385714285714286
248,AND,4.385714285714286
258,OR,32.81428571428572
248,OR,32.81428571428572
323,AND,2.0
196,AND,2.0
323,OR,34.05714285714286
196,OR,34.05714285714286
255,AND,13.771428571428572
344,AND,13.771428571428572
255,OR,18.87142857142857
344,OR,18.87142857142857
245,AND,12.8
203,AND,12.8
245,OR,26.65714285714286
203,OR,26.65714285714286
36,AND,3.3
151,AND,3.3
36,OR,25.7
151,OR,25.7
125,AND,10.457142857142857
197,AND,10.457142857142857
125,OR,42.92857142857143
197,OR,42.92857142857143
70,AND,1.0
187,AND,1.0
70,OR,16.65714285714286
187,OR,16.65714285714286
244,AND,1.0
304,AND,1.0
244,OR,33.27142857142857
304,OR,33.27142857142857
29,AND,24.114285714285714
104,AND,24.114285714285714
29,OR,20.414285714285715
104,OR,20.414285714285715
358,AND,1.0
60,AND,1.0
358,OR,25.714285714285715
60,OR,25.714285714285715
124,AND,19.271428571428572
52,AND,19.271428571428572
124,OR,32.72857142857143
52,OR,32.72857142857143
245,AND,1.0
370,AND,1.0
245,OR,33.4
370,OR,33.4
131,AND,9.014285714285714
36,AND,9.014285714285714
131,OR,13.785714285714286
36,OR,13.785714285714286
316,AND,26.742857142857144
77,AND,26.742857142857144
316,OR,22.82857142857143
77,OR,22.82857142857143
325,AND,1.0
258,AND,1.0
325,OR,37.15714285714286
258,OR,37.15714285714286
247,AND,3.2714285714285714
106,AND,3.2714285714285714
247,OR,25.7
106,OR,25.7
345,AND,8.3
115,AND,8.3
345,OR,15.9
115,OR,15.9
108,AND,7.442857142857143
169,AND,7.442857142857143
108,OR,11.485714285714286
169,OR,11.485714285714286
343,AND,1.0
298,AND,1.0
343,OR,32.77142857142857
298,OR,32.77142857142857
26,AND,3.2
63,AND,3.2
26,OR,8.057142857142857
63,OR,8.057142857142857
297,AND,1.0
75,AND,1.0
297,OR,29.542857142857144
75,OR,29.542857142857144
141,AND,1.0
130,AND,1.0
141,OR,21.285714285714285
130,OR,21.285714285714285
290,AND,17.17142857142857
32,AND,17.17142857142857
290,OR,17.228571428571428
32,OR,17.228571428571428
125,AND,1.0
364,AND,1.0
125,OR,29.114285714285714
364,OR,29.114285714285714
99,AND,17.885714285714286
287,AND,17.885714285714286
99,OR,26.142857142857142
287,OR,26.142857142857142
276,AND,19.65714285714286
73,AND,19.65714285714286
276,OR,32.5
73,OR,32.5
327,AND,7.4
267,AND,7.4
327,OR,30.114285714285714
267,OR,30.114285714285714
36,AND,1.0
240,AND,1.0
36,OR,18.571428571428573
240,OR,18.571428571428573
342,AND,18.37142857142857
359,AND,18.37142857142857
342,OR,20.34285714285714
359,OR,20.34285714285714
74,AND,1.0
247,AND,1.0
74,OR,21.814285714285713
247,OR,21.814285714285713
359,AND,7.628571428571429
212,AND,7.628571428571429
359,OR,25.428571428571427
212,OR,25.428571428571427
39,AND,3.4285714285714284
191,AND,3.4285714285714284
39,OR,20.314285714285713
191,OR,20.314285714285713
211,AND,19.014285714285716
334,AND,19.014285714285716
211,OR,52.17142857142857
334,OR,52.17142857142857
309,AND,21.32857142857143
206,AND,21.32857142857143
309,OR,47.92857142857143
206,OR,47.92857142857143
331,AND,1.0
300,AND,1.0
331,OR,35.58571428571429
300,OR,35.58571428571429
216,AND,1.0
366,AND,1.0
216,OR,28.442857142857143
366,OR,28.442857142857143
200,AND,9.685714285714285
199,AND,9.685714285714285
200,OR,48.08571428571429
199,OR,48.08571428571429
240,AND,1.0
141,AND,1.0
240,OR,24.571428571428573
141,OR,24.571428571428573
337,AND,18.32857142857143
81,AND,18.32857142857143
337,OR,19.285714285714285
81,OR,19.285714285714285
244,AND,11.142857142857142
163,AND,11.142857142857142
244,OR,34.4
163,OR,34.4
201,AND,12.114285714285714
297,AND,12.114285714285714
201,OR,19.5
297,OR,19.5
152,AND,7.071428571428571
133,AND,7.071428571428571
152,OR,10.657142857142857
133,OR,10.657142857142857
308,AND,13.557142857142857
277,AND,13.557142857142857
308,OR,33.9
277,OR,33.9
342,AND,15.785714285714286
370,AND,15.785714285714286
342,OR,24.87142857142857
370,OR,24.87142857142857
284,AND,1.0
230,AND,1.0
284,OR,28.142857142857142
230,OR,28.142857142857142
242,AND,12.057142857142857
225,AND,12.057142857142857
242,OR,19.457142857142856
225,OR,19.457142857142856
332,AND,1.0
313,AND,1.0
332,OR,37.81428571428572
313,OR,37.81428571428572
288,AND,11.314285714285715
295,AND,11.314285714285715
288,OR,30.942857142857143
295,OR,30.942857142857143
277,AND,11.014285714285714
200,AND,11.014285714285714
277,OR,35.5
200,OR,35.5
31,AND,4.0
44,AND,4.0
31,OR,6.928571428571429
44,OR,6.928571428571429
216,AND,1.0
308,AND,1.0
216,OR,29.97142857142857
308,OR,29.97142857142857
42,AND,15.557142857142857
42,AND,15.557142857142857
42,OR,14.714285714285714
42,OR,14.714285714285714
332,AND,27.12857142857143
178,AND,27.12857142857143
332,OR,44.51428571428571
178,OR,44.51428571428571
52,AND,15.357142857142858
81,AND,15.357142857142858
52,OR,23.34285714285714
81,OR,23.34285714285714
118,AND,13.7
304,AND,13.7
118,OR,16.928571428571427
304,OR,16.928571428571427
103,AND,1.0
334,AND,1.0
103,OR,24.142857142857142
334,OR,24.142857142857142
217,AND,13.757142857142858
266,AND,13.757142857142858
217,OR,36.34285714285714
266,OR,36.34285714285714
114,AND,1.0
361,AND,1.0
114,OR,26.742857142857144
361,OR,26.742857142857144
38,AND,3.0714285714285716
314,AND,3.0714285714285716
38,OR,24.357142857142858
314,OR,24.357142857142858
205,AND,1.0
161,AND,1.0
205,OR,19.114285714285714
161,OR,19.114285714285714
366,AND,1.0
299,AND,1.0
366,OR,38.7
299,OR,38.7
156,AND,5.257142857142857
235,AND,5.257142857142857
156,OR,24.085714285714285
235,OR,24.085714285714285
370,AND,9.628571428571428
53,AND,9.628571428571428
370,OR,21.771428571428572
53,OR,21.771428571428572
200,AND,14.67142857142857
340,AND,14.67142857142857
200,OR,29.1
340,OR,29.1
292,AND,1.0
363,AND,1.0
292,OR,38.7
363,OR,38.7
207,AND,3.0428571428571427
267,AND,3.0428571428571427
207,OR,30.142857142857142
267,OR,30.142857142857142
274,AND,1.0
281,AND,1.0
274,OR,32.34285714285714
281,OR,32.34285714285714
321,AND,25.928571428571427
77,AND,25.928571428571427
321,OR,25.771428571428572
77,OR,25.771428571428572
131,AND,10.771428571428572
310,AND,10.771428571428572
131,OR,32.94285714285714
310,OR,32.94285714285714
351,AND,1.0
127,AND,1.0
351,OR,24.47142857142857
127,OR,24.47142857142857
319,AND,19.642857142857142
100,AND,19.642857142857142
319,OR,29.65714285714286
100,OR,29.65714285714286
235,AND,1.0
63,AND,1.0
235,OR,18.357142857142858
63,OR,18.357142857142858
63,AND,4.9714285714285715
300,AND,4.9714285714285715
63,OR,18.142857142857142
300,OR,18.142857142857142
235,AND,20.557142857142857
282,AND,20.557142857142857
235,OR,33.371428571428574
282,OR,33.371428571428574
90,AND,18.4
363,AND,18.4
90,OR,16.685714285714287
363,OR,16.685714285714287
248,AND,7.3428571428571425
154,AND,7.3428571428571425
248,OR,24.1
154,OR,24.1
33,AND,26.014285714285716
315,AND,26.014285714285716
33,OR,18.614285714285714
315,OR,18.614285714285714
28,AND,13.085714285714285
68,AND,13.085714285714285
28,OR,18.585714285714285
68,OR,18.585714285714285
164,AND,11.528571428571428
224,AND,11.528571428571428
164,OR,43.07142857142857
224,OR,43.07142857142857
224,AND,1.0
61,AND,1.0
224,OR,18.8
61,OR,18.8
343,AND,6.414285714285715
27,AND,6.414285714285715
343,OR,24.771428571428572
27,OR,24.771428571428572
94,AND,1.0
317,AND,1.0
94,OR,19.585714285714285
317,OR,19.585714285714285
229,AND,4.871428571428571
304,AND,4.871428571428571
229,OR,39.871428571428574
304,OR,39.871428571428574
90,AND,5.271428571428571
65,AND,5.271428571428571
90,OR,13.085714285714285
65,OR,13.085714285714285
308,AND,1.0
173,AND,1.0
308,OR,27.985714285714284
173,OR,27.985714285714284
343,AND,3.2857142857142856
69,AND,3.2857142857142856
343,OR,20.942857142857143
69,OR,20.942857142857143
358,AND,1.0
127,AND,1.0
358,OR,23.47142857142857
127,OR,23.47142857142857
37,AND,24.6
333,AND,24.6
37,OR,11.542857142857143
333,OR,11.542857142857143
184,AND,1.0
291,AND,1.0
184,OR,32.871428571428574
291,OR,32.871428571428574
304,AND,1.0
343,AND,1.0
304,OR,36.1
343,OR,36.1
244,AND,6.885714285714286
187,AND,6.885714285714286
244,OR,17.685714285714287
187,OR,17.685714285714287
60,AND,14.971428571428572
298,AND,14.971428571428572
60,OR,26.442857142857143
298,OR,26.442857142857143
177,AND,7.285714285714286
226,AND,7.285714285714286
177,OR,18.47142857142857
226,OR,18.47142857142857
268,AND,16.242857142857144
104,AND,16.242857142857144
268,OR,30.742857142857144
104,OR,30.742857142857144
139,AND,9.442857142857143
297,AND,9.442857142857143
139,OR,30.771428571428572
297,OR,30.771428571428572
54,AND,21.885714285714286
354,AND,21.885714285714286
54,OR,14.114285714285714
354,OR,14.114285714285714
312,AND,17.857142857142858
54,AND,17.857142857142858
312,OR,15.214285714285714
54,OR,15.214285714285714
124,AND,7.857142857142857
161,AND,7.857142857142857
124,OR,37.15714285714286
161,OR,37.15714285714286
34,AND,1.0
351,AND,1.0
34,OR,24.885714285714286
351,OR,24.885714285714286
318,AND,18.614285714285714
224,AND,18.614285714285714
318,OR,27.4
224,OR,27.4
244,AND,1.0
207,AND,1.0
244,OR,21.7
207,OR,21.7
130,AND,1.0
125,AND,1.0
130,OR,18.414285714285715
125,OR,18.414285714285715
131,AND,1.0
285,AND,1.0
131,OR,30.1
285,OR,30.1
245,AND,16.642857142857142
299,AND,16.642857142857142
245,OR,22.87142857142857
299,OR,22.87142857142857
233,AND,1.0
240,AND,1.0
233,OR,27.214285714285715
240,OR,27.214285714285715
89,AND,17.057142857142857
288,AND,17.057142857142857
89,OR,37.74285714285714
288,OR,37.74285714285714
332,AND,2.0
370,AND,2.0
332,OR,36.142857142857146
370,OR,36.142857142857146
250,AND,4.271428571428571
39,AND,4.271428571428571
250,OR,16.52857142857143
39,OR,16.52857142857143
108,AND,20.87142857142857
280,AND,20.87142857142857
108,OR,37.285714285714285
280,OR,37.285714285714285
197,AND,24.557142857142857
46,AND,24.557142857142857
197,OR,17.585714285714285
46,OR,17.585714285714285
40,AND,19.742857142857144
325,AND,19.742857142857144
40,OR,10.385714285714286
325,OR,10.385714285714286
176,AND,8.4
303,AND,8.4
176,OR,36.3
303,OR,36.3
273,AND,10.7
147,AND,10.7
273,OR,16.757142857142856
147,OR,16.757142857142856
139,AND,19.17142857142857
347,AND,19.17142857142857
139,OR,14.785714285714286
347,OR,14.785714285714286
294,AND,16.1
176,AND,16.1
294,OR,19.242857142857144
176,OR,19.242857142857144
213,AND,13.985714285714286
193,AND,13.985714285714286
213,OR,43.52857142857143
193,OR,43.52857142857143
100,AND,1.0
350,AND,1.0
100,OR,20.87142857142857
350,OR,20.87142857142857
50,AND,3.4571428571428573
47,AND,3.4571428571428573
50,OR,11.157142857142857
47,OR,11.157142857142857
78,AND,20.7
336,AND,20.7
78,OR,18.3
336,OR,18.3
119,AND,5.071428571428571
294,AND,5.071428571428571
119,OR,20.228571428571428
294,OR,20.228571428571428
282,AND,22.557142857142857
74,AND,22.557142857142857
282,OR,22.042857142857144
74,OR,22.042857142857144
338,AND,1.0
194,AND,1.0
338,OR,33.4
194,OR,33.4
200,AND,1.0
260,AND,1.0
200,OR,23.271428571428572
260,OR,23.271428571428572
156,AND,6.257142857142857
222,AND,6.257142857142857
156,OR,15.342857142857143
222,OR,15.342857142857143
254,AND,4.5
274,AND,4.5
254,OR,40.3
274,OR,40.3
287,AND,14.128571428571428
324,AND,14.128571428571428
287,OR,26.4
324,OR,26.4
118,AND,5.314285714285714
52,AND,5.314285714285714
118,OR,20.428571428571427
52,OR,20.428571428571427
215,AND,16.15714285714286
322,AND,16.15714285714286
215,OR,29.685714285714287
322,OR,29.685714285714287
295,AND,15.757142857142858
342,AND,15.757142857142858
295,OR,21.742857142857144
342,OR,21.742857142857144
260,AND,1.0
158,AND,1.0
260,OR,20.857142857142858
158,OR,20.857142857142858
193,AND,2.0
85,AND,2.0
193,OR,30.557142857142857
85,OR,30.557142857142857
130,AND,8.657142857142857
343,AND,8.657142857142857
130,OR,16.32857142857143
343,OR,16.32857142857143
284,AND,17.642857142857142
153,AND,17.642857142857142
284,OR,24.557142857142857
153,OR,24.557142857142857
301,AND,2.6142857142857143
246,AND,2.6142857142857143
301,OR,42.371428571428574
246,OR,42.371428571428574
198,AND,10.985714285714286
204,AND,10.985714285714286
198,OR,36.57142857142857
204,OR,36.57142857142857
226,AND,12.414285714285715
184,AND,12.414285714285715
226,OR,44.8
184,OR,44.8
150,AND,11.857142857142858
363,AND,11.857142857142858
150,OR,19.785714285714285
363,OR,19.785714285714285
73,AND,10.7
247,AND,10.7
73,OR,19.82857142857143
247,OR,19.82857142857143
155,AND,10.585714285714285
135,AND,10.585714285714285
155,OR,16.071428571428573
135,OR,16.071428571428573
270,AND,10.485714285714286
207,AND,10.485714285714286
270,OR,36.714285714285715
207,OR,36.714285714285715
233,AND,10.071428571428571
352,AND,10.071428571428571
233,OR,19.9
352,OR,19.9
265,AND,9.714285714285714
263,AND,9.714285714285714
265,OR,24.67142857142857
263,OR,24.67142857142857
287,AND,13.9
25,AND,13.9
287,OR,17.285714285714285
25,OR,17.285714285714285
351,AND,18.585714285714285
353,AND,18.585714285714285
351,OR,20.4
353,OR,20.4
119,AND,3.4857142857142858
274,AND,3.4857142857142858
119,OR,27.542857142857144
274,OR,27.542857142857144
325,AND,2.0
343,AND,2.0
325,OR,38.8
343,OR,38.8
206,AND,7.357142857142857
142,AND,7.357142857142857
206,OR,43.44285714285714
142,OR,43.44285714285714
279,AND,12.67142857142857
93,AND,12.67142857142857
279,OR,13.8
93,OR,13.8
78,AND,5.0285714285714285
238,AND,5.0285714285714285
78,OR,24.914285714285715
238,OR,24.914285714285715
232,AND,1.0
205,AND,1.0
232,OR,23.928571428571427
205,OR,23.928571428571427
298,AND,22.65714285714286
44,AND,22.65714285714286
298,OR,19.514285714285716
44,OR,19.514285714285716
102,AND,1.0
358,AND,1.0
102,OR,28.457142857142856
358,OR,28.457142857142856
89,AND,1.0
316,AND,1.0
89,OR,29.67142857142857
316,OR,29.67142857142857
224,AND,13.371428571428572
34,AND,13.371428571428572
224,OR,7.671428571428572
34,OR,7.671428571428572
73,AND,2.4
138,AND,2.4
73,OR,17.514285714285716
138,OR,17.514285714285716
169,AND,5.942857142857143
307,AND,5.942857142857143
169,OR,22.914285714285715
307,OR,22.914285714285715
364,AND,19.685714285714287
346,AND,19.685714285714287
364,OR,22.728571428571428
346,OR,22.728571428571428
245,AND,10.728571428571428
53,AND,10.728571428571428
245,OR,15.2
53,OR,15.2
80,AND,17.757142857142856
340,AND,17.757142857142856
80,OR,27.357142857142858
340,OR,27.357142857142858
104,AND,1.0
279,AND,1.0
104,OR,22.585714285714285
279,OR,22.585714285714285
58,AND,2.757142857142857
50,AND,2.757142857142857
58,OR,15.814285714285715
50,OR,15.814285714285715
111,AND,14.4
156,AND,14.4
111,OR,24.5
156,OR,24.5
77,AND,1.0
270,AND,1.0
77,OR,22.257142857142856
270,OR,22.257142857142856
125,AND,7.185714285714286
217,AND,7.185714285714286
125,OR,30.757142857142856
217,OR,30.757142857142856
29,AND,1.0
282,AND,1.0
29,OR,17.67142857142857
282,OR,17.67142857142857
65,AND,7.114285714285714
126,AND,7.114285714285714
65,OR,16.014285714285716
126,OR,16.014285714285716
83,AND,7.514285714285714
366,AND,7.514285714285714
83,OR,20.957142857142856
366,OR,20.957142857142856
242,AND,16.085714285714285
310,AND,16.085714285714285
242,OR,28.67142857142857
310,OR,28.67142857142857
148,AND,5.228571428571429
190,AND,5.228571428571429
148,OR,22.557142857142857
190,OR,22.557142857142857
64,AND,13.914285714285715
292,AND,13.914285714285715
64,OR,10.4
292,OR,10.4
179,AND,5.914285714285715
40,AND,5.914285714285715
179,OR,16.257142857142856
40,OR,16.257142857142856
203,AND,12.914285714285715
232,AND,12.914285714285715
203,OR,25.4
232,OR,25.4
129,AND,1.0
106,AND,1.0
129,OR,15.742857142857142
106,OR,15.742857142857142
237,AND,17.985714285714284
277,AND,17.985714285714284
237,OR,46.81428571428572
277,OR,46.81428571428572
254,AND,3.1285714285714286
308,AND,3.1285714285714286
254,OR,45.94285714285714
308,OR,45.94285714285714
85,AND,7.442857142857143
108,AND,7.442857142857143
85,OR,12.8
108,OR,12.8
78,AND,6.2
155,AND,6.2
78,OR,21.142857142857142
155,OR,21.142857142857142
194,AND,1.0
353,AND,1.0
194,OR,36.51428571428571
353,OR,36.51428571428571
274,AND,11.642857142857142
292,AND,11.642857142857142
274,OR,20.3
292,OR,20.3
163,AND,6.957142857142857
197,AND,6.957142857142857
163,OR,15.814285714285715
197,OR,15.814285714285715
311,AND,1.0
196,AND,1.0
311,OR,39.92857142857143
196,OR,39.92857142857143
72,AND,23.757142857142856
175,AND,23.757142857142856
72,OR,37.42857142857143
175,OR,37.42857142857143
319,AND,23.02857142857143
341,AND,23.02857142857143
319,OR,26.714285714285715
341,OR,26.714285714285715
104,AND,9.67142857142857
277,AND,9.67142857142857
104,OR,30.47142857142857
277,OR,30.47142857142857
322,AND,13.071428571428571
287,AND,13.071428571428571
322,OR,27.542857142857144
287,OR,27.542857142857144
223,AND,4.885714285714286
152,AND,4.885714285714286
223,OR,16.485714285714284
152,OR,16.485714285714284
320,AND,1.0
130,AND,1.0
320,OR,19.4
130,OR,19.4
333,AND,12.7
255,AND,12.7
333,OR,23.385714285714286
255,OR,23.385714285714286
34,AND,2.757142857142857
121,AND,2.757142857142857
34,OR,12.457142857142857
121,OR,12.457142857142857
187,AND,2.6857142857142855
248,AND,2.6857142857142855
187,OR,22.314285714285713
248,OR,22.314285714285713
361,AND,18.571428571428573
169,AND,18.571428571428573
361,OR,23.87142857142857
169,OR,23.87142857142857
72,AND,24.0
233,AND,24.0
72,OR,23.0
233,OR,23.0
119,AND,1.0
95,AND,1.0
119,OR,11.685714285714285
95,OR,11.685714285714285
266,AND,3.085714285714286
308,AND,3.085714285714286
266,OR,39.51428571428571
308,OR,39.51428571428571
279,AND,1.0
142,AND,1.0
279,OR,29.67142857142857
142,OR,29.67142857142857
371,AND,14.657142857142857
291,AND,14.657142857142857
371,OR,30.47142857142857
291,OR,30.47142857142857
135,AND,9.985714285714286
273,AND,9.985714285714286
135,OR,14.528571428571428
273,OR,14.528571428571428
329,AND,12.714285714285714
143,AND,12.714285714285714
329,OR,17.185714285714287
143,OR,17.185714285714287
302,AND,1.0
315,AND,1.0
302,OR,33.871428571428574
315,OR,33.871428571428574
262,AND,13.457142857142857
44,AND,13.457142857142857
262,OR,11.085714285714285
44,OR,11.085714285714285
356,AND,13.6
342,AND,13.6
356,OR,21.928571428571427
342,OR,21.928571428571427
281,AND,2.0
342,AND,2.0
281,OR,40.114285714285714
342,OR,40.114285714285714
84,AND,18.7
137,AND,18.7
84,OR,27.014285714285716
137,OR,27.014285714285716
42,AND,9.142857142857142
116,AND,9.142857142857142
42,OR,5.9
116,OR,5.9
323,AND,16.185714285714287
249,AND,16.185714285714287
323,OR,36.142857142857146
249,OR,36.142857142857146
253,AND,16.82857142857143
52,AND,16.82857142857143
253,OR,15.242857142857142
52,OR,15.242857142857142
266,AND,1.0
369,AND,1.0
266,OR,34.857142857142854
369,OR,34.857142857142854
238,AND,12.642857142857142
191,AND,12.642857142857142
238,OR,23.17142857142857
191,OR,23.17142857142857
262,AND,7.042857142857143
44,AND,7.042857142857143
262,OR,14.914285714285715
44,OR,14.914285714285715
228,AND,8.742857142857142
220,AND,8.742857142857142
228,OR,39.58571428571429
220,OR,39.58571428571429
51,AND,18.928571428571427
270,AND,18.928571428571427
51,OR,13.914285714285715
270,OR,13.914285714285715
58,AND,1.0
192,AND,1.0
58,OR,16.1
192,OR,16.1
362,AND,15.742857142857142
88,AND,15.742857142857142
362,OR,22.82857142857143
88,OR,22.82857142857143
123,AND,9.085714285714285
188,AND,9.085714285714285
123,OR,25.042857142857144
188,OR,25.042857142857144
323,AND,1.0
272,AND,1.0
323,OR,37.92857142857143
272,OR,37.92857142857143
227,AND,15.657142857142857
178,AND,15.657142857142857
227,OR,48.74285714285714
178,OR,48.74285714285714
90,AND,1.0
81,AND,1.0
90,OR,17.142857142857142
81,OR,17.142857142857142
153,AND,10.542857142857143
218,AND,10.542857142857143
153,OR,35.84285714285714
218,OR,35.84285714285714
241,AND,8.8
224,AND,8.8
241,OR,14.757142857142858
224,OR,14.757142857142858
159,AND,9.4
182,AND,9.4
159,OR,42.08571428571429
182,OR,42.08571428571429
46,AND,4.985714285714286
118,AND,4.985714285714286
46,OR,20.428571428571427
118,OR,20.428571428571427
221,AND,1.0
62,AND,1.0
221,OR,21.0
62,OR,21.0
168,AND,9.042857142857143
181,AND,9.042857142857143
168,OR,22.62857142857143
181,OR,22.62857142857143
61,AND,10.371428571428572
141,AND,10.371428571428572
61,OR,19.928571428571427
141,OR,19.928571428571427
285,AND,1.0
247,AND,1.0
285,OR,24.757142857142856
247,OR,24.757142857142856
124,AND,7.0
228,AND,7.0
124,OR,29.771428571428572
228,OR,29.771428571428572
127,AND,1.0
129,AND,1.0
127,OR,11.8
129,OR,11.8
305,AND,1.0
133,AND,1.0
305,OR,28.771428571428572
133,OR,28.771428571428572
242,AND,7.185714285714286
127,AND,7.185714285714286
242,OR,30.042857142857144
127,OR,30.042857142857144
369,AND,18.142857142857142
133,AND,18.142857142857142
369,OR,35.27142857142857
133,OR,35.27142857142857
337,AND,6.228571428571429
89,AND,6.228571428571429
337,OR,21.67142857142857
89,OR,21.67142857142857
306,AND,18.34285714285714
44,AND,18.34285714285714
306,OR,18.271428571428572
44,OR,18.271428571428572
364,AND,20.242857142857144
333,AND,20.242857142857144
364,OR,28.057142857142857
333,OR,28.057142857142857
161,AND,6.928571428571429
28,AND,6.928571428571429
161,OR,41.371428571428574
28,OR,41.371428571428574
218,AND,5.8428571428571425
101,AND,5.8428571428571425
218,OR,26.02857142857143
101,OR,26.02857142857143
154,AND,6.9714285714285715
136,AND,6.9714285714285715
154,OR,20.34285714285714
136,OR,20.34285714285714
234,AND,16.82857142857143
90,AND,16.82857142857143
234,OR,17.428571428571427
90,OR,17.428571428571427
371,AND,1.0
116,AND,1.0
371,OR,28.728571428571428
116,OR,28.728571428571428
219,AND,1.0
136,AND,1.0
219,OR,15.9
136,OR,15.9
322,AND,2.0
317,AND,2.0
322,OR,30.67142857142857
317,OR,30.67142857142857
335,AND,5.5285714285714285
95,AND,5.5285714285714285
335,OR,17.057142857142857
95,OR,17.057142857142857
114,AND,1.0
296,AND,1.0
114,OR,28.285714285714285
296,OR,28.285714285714285
249,AND,15.785714285714286
266,AND,15.785714285714286
249,OR,35.68571428571428
266,OR,35.68571428571428
344,AND,13.714285714285714
277,AND,13.714285714285714
344,OR,20.814285714285713
277,OR,20.814285714285713
324,AND,1.0
61,AND,1.0
324,OR,34.957142857142856
61,OR,34.957142857142856
339,AND,12.7
273,AND,12.7
339,OR,23.814285714285713
273,OR,23.814285714285713
293,AND,8.257142857142858
286,AND,8.257142857142858
293,OR,27.642857142857142
286,OR,27.642857142857142
33,AND,18.142857142857142
77,AND,18.142857142857142
33,OR,12.471428571428572
77,OR,12.471428571428572
121,AND,14.7
91,AND,14.7
121,OR,22.2
91,OR,22.2
360,AND,9.842857142857143
307,AND,9.842857142857143
360,OR,41.8
307,OR,41.8
327,AND,1.0
186,AND,1.0
327,OR,36.75714285714286
186,OR,36.75714285714286
324,AND,2.5428571428571427
305,AND,2.5428571428571427
324,OR,45.42857142857143
305,OR,45.42857142857143
156,AND,1.0
114,AND,1.0
156,OR,18.47142857142857
114,OR,18.47142857142857
220,AND,11.928571428571429
172,AND,11.928571428571429
220,OR,24.185714285714287
172,OR,24.185714285714287
140,AND,7.485714285714286
77,AND,7.485714285714286
140,OR,18.514285714285716
77,OR,18.514285714285716
272,AND,19.7
177,AND,19.7
272,OR,44.957142857142856
177,OR,44.957142857142856
51,AND,14.314285714285715
278,AND,14.314285714285715
51,OR,15.214285714285714
278,OR,15.214285714285714
262,AND,9.928571428571429
127,AND,9.928571428571429
262,OR,28.114285714285714
127,OR,28.114285714285714
367,AND,19.514285714285716
190,AND,19.514285714285716
367,OR,33.114285714285714
190,OR,33.114285714285714
58,AND,1.0
104,AND,1.0
58,OR,12.414285714285715
104,OR,12.414285714285715
366,AND,1.0
285,AND,1.0
366,OR,36.7
285,OR,36.7
342,AND,1.0
65,AND,1.0
342,OR,21.514285714285716
65,OR,21.514285714285716
272,AND,8.485714285714286
177,AND,8.485714285714286
272,OR,17.6
177,OR,17.6
199,AND,19.585714285714285
70,AND,19.585714285714285
199,OR,24.585714285714285
70,OR,24.585714285714285
211,AND,9.514285714285714
192,AND,9.514285714285714
211,OR,14.842857142857143
192,OR,14.842857142857143
95,AND,6.171428571428572
234,AND,6.171428571428572
95,OR,27.985714285714284
234,OR,27.985714285714284
141,AND,10.371428571428572
40,AND,10.371428571428572
141,OR,5.628571428571429
40,OR,5.628571428571429
215,AND,1.0
240,AND,1.0
215,OR,37.4
240,OR,37.4
192,AND,6.671428571428572
205,AND,6.671428571428572
192,OR,15.8
205,OR,15.8
273,AND,1.0
205,AND,1.0
273,OR,26.84285714285714
205,OR,26.84285714285714
369,AND,7.9714285714285715
129,AND,7.9714285714285715
369,OR,21.085714285714285
129,OR,21.085714285714285
352,AND,23.642857142857142
162,AND,23.642857142857142
352,OR,35.871428571428574
162,OR,35.871428571428574
197,AND,7.671428571428572
176,AND,7.671428571428572
197,OR,27.8
176,OR,27.8
162,AND,15.842857142857143
264,AND,15.842857142857143
162,OR,36.67142857142857
264,OR,36.67142857142857
90,AND,17.485714285714284
184,AND,17.485714285714284
90,OR,23.557142857142857
184,OR,23.557142857142857
292,AND,16.34285714285714
135,AND,16.34285714285714
292,OR,34.52857142857143
135,OR,34.52857142857143
251,AND,12.185714285714285
356,AND,12.185714285714285
251,OR,20.02857142857143
356,OR,20.02857142857143
367,AND,20.228571428571428
70,AND,20.228571428571428
367,OR,21.67142857142857
70,OR,21.67142857142857
112,AND,1.0
270,AND,1.0
112,OR,28.17142857142857
270,OR,28.17142857142857
50,AND,5.942857142857143
157,AND,5.942857142857143
50,OR,23.228571428571428
157,OR,23.228571428571428
315,AND,1.0
72,AND,1.0
315,OR,22.414285714285715
72,OR,22.414285714285715
71,AND,1.0
132,AND,1.0
71,OR,16.714285714285715
132,OR,16.714285714285715
190,AND,24.34285714285714
255,AND,24.34285714285714
190,OR,31.0
255,OR,31.0
82,AND,1.0
289,AND,1.0
82,OR,18.614285714285714
289,OR,18.614285714285714
264,AND,8.571428571428571
103,AND,8.571428571428571
264,OR,20.985714285714284
103,OR,20.985714285714284
207,AND,13.085714285714285
213,AND,13.085714285714285
207,OR,28.142857142857142
213,OR,28.142857142857142
288,AND,7.914285714285715
263,AND,7.914285714285715
288,OR,36.31428571428572
263,OR,36.31428571428572
132,AND,7.857142857142857
298,AND,7.857142857142857
132,OR,16.228571428571428
298,OR,16.228571428571428
165,AND,20.34285714285714
281,AND,20.34285714285714
165,OR,26.52857142857143
281,OR,26.52857142857143
208,AND,4.728571428571429
35,AND,4.728571428571429
208,OR,45.371428571428574
35,OR,45.371428571428574
75,AND,1.0
268,AND,1.0
75,OR,21.12857142857143
268,OR,21.12857142857143
210,AND,5.014285714285714
116,AND,5.014285714285714
210,OR,23.285714285714285
116,OR,23.285714285714285
235,AND,13.614285714285714
80,AND,13.614285714285714
235,OR,20.542857142857144
80,OR,20.542857142857144
297,AND,24.314285714285713
184,AND,24.314285714285713
297,OR,47.32857142857143
184,OR,47.32857142857143
268,AND,4.428571428571429
138,AND,4.428571428571429
268,OR,28.9
138,OR,28.9
272,AND,16.62857142857143
63,AND,16.62857142857143
272,OR,8.057142857142857
63,OR,8.057142857142857
295,AND,16.5
158,AND,16.5
295,OR,44.542857142857144
158,OR,44.542857142857144
292,AND,3.357142857142857
240,AND,3.357142857142857
292,OR,28.314285714285713
240,OR,28.314285714285713
35,AND,5.285714285714286
324,AND,5.285714285714286
35,OR,27.62857142857143
324,OR,27.62857142857143
263,AND,17.357142857142858
272,AND,17.357142857142858
263,OR,23.15714285714286
272,OR,23.15714285714286
41,AND,9.771428571428572
113,AND,9.771428571428572
41,OR,34.371428571428574
113,OR,34.371428571428574
71,AND,5.514285714285714
141,AND,5.514285714285714
71,OR,28.65714285714286
141,OR,28.65714285714286
59,AND,10.32857142857143
277,AND,10.32857142857143
59,OR,20.37142857142857
277,OR,20.37142857142857
316,AND,1.0
197,AND,1.0
316,OR,38.628571428571426
197,OR,38.628571428571426
108,AND,7.7
173,AND,7.7
108,OR,18.142857142857142
173,OR,18.142857142857142
111,AND,20.2
317,AND,20.2
111,OR,34.25714285714286
317,OR,34.25714285714286
124,AND,12.6
183,AND,12.6
124,OR,48.02857142857143
183,OR,48.02857142857143
66,AND,11.285714285714286
117,AND,11.285714285714286
66,OR,23.414285714285715
117,OR,23.414285714285715
331,AND,26.357142857142858
86,AND,26.357142857142858
331,OR,18.242857142857144
86,OR,18.242857142857144
80,AND,7.542857142857143
98,AND,7.542857142857143
80,OR,18.52857142857143
98,OR,18.52857142857143
285,AND,1.0
112,AND,1.0
285,OR,21.385714285714286
112,OR,21.385714285714286
345,AND,9.242857142857142
243,AND,9.242857142857142
345,OR,20.071428571428573
243,OR,20.071428571428573
278,AND,16.785714285714285
259,AND,16.785714285714285
278,OR,23.285714285714285
259,OR,23.285714285714285
236,AND,12.857142857142858
214,AND,12.857142857142858
236,OR,38.68571428571428
214,OR,38.68571428571428
311,AND,14.271428571428572
171,AND,14.271428571428572
311,OR,38.371428571428574
171,OR,38.371428571428574
282,AND,16.685714285714287
328,AND,16.685714285714287
282,OR,26.757142857142856
328,OR,26.757142857142856
192,AND,5.671428571428572
226,AND,5.671428571428572
192,OR,31.4
226,OR,31.4
227,AND,1.0
159,AND,1.0
227,OR,22.614285714285714
159,OR,22.614285714285714
65,AND,6.385714285714286
45,AND,6.385714285714286
65,OR,11.6
45,OR,11.6
285,AND,2.0
324,AND,2.0
285,OR,36.2
324,OR,36.2
108,AND,3.9857142857142858
82,AND,3.9857142857142858
108,OR,12.628571428571428
82,OR,12.628571428571428
66,AND,13.957142857142857
223,AND,13.957142857142857
66,OR,12.042857142857143
223,OR,12.042857142857143
249,AND,2.942857142857143
282,AND,2.942857142857143
249,OR,35.8
282,OR,35.8
179,AND,4.742857142857143
95,AND,4.742857142857143
179,OR,20.428571428571427
95,OR,20.428571428571427
330,AND,13.557142857142857
181,AND,13.557142857142857
330,OR,27.057142857142857
181,OR,27.057142857142857
110,AND,9.071428571428571
171,AND,9.071428571428571
110,OR,42.94285714285714
171,OR,42.94285714285714
189,AND,9.614285714285714
189,AND,9.614285714285714
189,OR,34.885714285714286
189,OR,34.885714285714286
204,AND,14.2
277,AND,14.2
204,OR,37.77142857142857
277,OR,37.77142857142857
42,AND,1.0
340,AND,1.0
42,OR,20.057142857142857
340,OR,20.057142857142857
145,AND,14.071428571428571
246,AND,14.071428571428571
145,OR,20.914285714285715
246,OR,20.914285714285715
152,AND,1.0
302,AND,1.0
152,OR,28.585714285714285
302,OR,28.585714285714285
60,AND,11.542857142857143
257,AND,11.542857142857143
60,OR,16.014285714285716
257,OR,16.014285714285716
194,AND,5.328571428571428
100,AND,5.328571428571428
194,OR,17.02857142857143
100,OR,17.02857142857143
141,AND,7.5
224,AND,7.5
141,OR,14.071428571428571
224,OR,14.071428571428571
242,AND,3.3714285714285714
120,AND,3.3714285714285714
242,OR,25.428571428571427
120,OR,25.428571428571427
100,AND,1.0
133,AND,1.0
100,OR,14.9
133,OR,14.9
71,AND,1.0
136,AND,1.0
71,OR,12.628571428571428
136,OR,12.628571428571428
269,AND,19.0
36,AND,19.0
269,OR,22.12857142857143
36,OR,22.12857142857143
135,AND,20.34285714285714
300,AND,20.34285714285714
135,OR,32.885714285714286
300,OR,32.885714285714286
337,AND,14.914285714285715
227,AND,14.914285714285715
337,OR,25.742857142857144
227,OR,25.742857142857144
324,AND,10.757142857142858
215,AND,10.757142857142858
324,OR,26.485714285714284
215,OR,26.485714285714284
209,AND,6.1571428571428575
303,AND,6.1571428571428575
209,OR,30.428571428571427
303,OR,30.428571428571427
264,AND,1.0
356,AND,1.0
264,OR,33.84285714285714
356,OR,33.84285714285714
103,AND,1.0
48,AND,1.0
103,OR,12.157142857142857
48,OR,12.157142857142857
50,AND,13.985714285714286
220,AND,13.985714285714286
50,OR,17.37142857142857
220,OR,17.37142857142857
73,AND,1.0
271,AND,1.0
73,OR,18.942857142857143
271,OR,18.942857142857143
44,AND,16.32857142857143
299,AND,16.32857142857143
44,OR,9.414285714285715
299,OR,9.414285714285715
48,AND,1.0
243,AND,1.0
48,OR,24.32857142857143
243,OR,24.32857142857143
260,AND,13.585714285714285
27,AND,13.585714285714285
260,OR,10.471428571428572
27,OR,10.471428571428572
35,AND,5.2
127,AND,5.2
35,OR,19.5
127,OR,19.5
161,AND,6.714285714285714
321,AND,6.714285714285714
161,OR,26.428571428571427
321,OR,26.428571428571427
143,AND,1.0
291,AND,1.0
143,OR,25.17142857142857
291,OR,25.17142857142857
315,AND,21.985714285714284
150,AND,21.985714285714284
315,OR,28.62857142857143
150,OR,28.62857142857143
151,AND,14.257142857142858
248,AND,14.257142857142858
151,OR,20.057142857142857
248,OR,20.057142857142857
172,AND,12.228571428571428
175,AND,12.228571428571428
172,OR,18.97142857142857
175,OR,18.97142857142857
214,AND,3.8142857142857145
286,AND,3.8142857142857145
214,OR,33.3
286,OR,33.3
267,AND,7.428571428571429
358,AND,7.428571428571429
267,OR,24.142857142857142
358,OR,24.142857142857142
98,AND,7.042857142857143
273,AND,7.042857142857143
98,OR,23.142857142857142
273,OR,23.142857142857142
168,AND,2.2857142857142856
219,AND,2.2857142857142856
168,OR,19.1
219,OR,19.1
173,AND,9.785714285714286
212,AND,9.785714285714286
173,OR,35.5
212,OR,35.5
172,AND,1.0
101,AND,1.0
172,OR,15.871428571428572
101,OR,15.871428571428572
302,AND,24.185714285714287
109,AND,24.185714285714287
302,OR,37.97142857142857
109,OR,37.97142857142857
306,AND,1.0
356,AND,1.0
306,OR,34.68571428571428
356,OR,34.68571428571428
113,AND,1.0
299,AND,1.0
113,OR,28.571428571428573
299,OR,28.571428571428573
120,AND,1.0
253,AND,1.0
120,OR,20.071428571428573
253,OR,20.071428571428573
326,AND,26.8
118,AND,26.8
326,OR,20.442857142857143
118,OR,20.442857142857143
247,AND,1.0
330,AND,1.0
247,OR,40.31428571428572
330,OR,40.31428571428572
110,AND,30.685714285714287
36,AND,30.685714285714287
110,OR,16.914285714285715
36,OR,16.914285714285715
98,AND,12.257142857142858
117,AND,12.257142857142858
98,OR,21.17142857142857
117,OR,21.17142857142857
147,AND,4.928571428571429
222,AND,4.928571428571429
147,OR,15.128571428571428
222,OR,15.128571428571428
63,AND,16.571428571428573
323,AND,16.571428571428573
63,OR,16.957142857142856
323,OR,16.957142857142856
292,AND,1.0
344,AND,1.0
292,OR,33.714285714285715
344,OR,33.714285714285715
289,AND,2.2857142857142856
172,AND,2.2857142857142856
289,OR,25.84285714285714
172,OR,25.84285714285714
258,AND,7.357142857142857
296,AND,7.357142857142857
258,OR,21.285714285714285
296,OR,21.285714285714285
213,AND,2.4857142857142858
225,AND,2.4857142857142858
213,OR,42.142857142857146
225,OR,42.142857142857146
331,AND,1.0
85,AND,1.0
331,OR,21.785714285714285
85,OR,21.785714285714285
304,AND,1.0
366,AND,1.0
304,OR,41.542857142857144
366,OR,41.542857142857144
228,AND,11.728571428571428
246,AND,11.728571428571428
228,OR,33.614285714285714
246,OR,33.614285714285714
255,AND,16.1
53,AND,16.1
255,OR,16.65714285714286
53,OR,16.65714285714286
312,AND,26.37142857142857
101,AND,26.37142857142857
312,OR,26.82857142857143
101,OR,26.82857142857143
110,AND,1.0
243,AND,1.0
110,OR,27.242857142857144
243,OR,27.242857142857144
204,AND,23.357142857142858
70,AND,23.357142857142858
204,OR,16.214285714285715
70,OR,16.214285714285715
310,AND,1.0
365,AND,1.0
310,OR,39.642857142857146
365,OR,39.642857142857146
329,AND,13.6
195,AND,13.6
329,OR,41.22857142857143
195,OR,41.22857142857143
125,AND,1.0
186,AND,1.0
125,OR,20.114285714285714
186,OR,20.114285714285714
249,AND,3.757142857142857
364,AND,3.757142857142857
249,OR,41.18571428571428
364,OR,41.18571428571428
340,AND,4.571428571428571
286,AND,4.571428571428571
340,OR,39.3
286,OR,39.3
70,AND,1.0
345,AND,1.0
70,OR,25.228571428571428
345,OR,25.228571428571428
364,AND,22.4
43,AND,22.4
364,OR,14.928571428571429
43,OR,14.928571428571429
28,AND,1.0
170,AND,1.0
28,OR,13.885714285714286
170,OR,13.885714285714286
256,AND,13.014285714285714
169,AND,13.014285714285714
256,OR,34.042857142857144
169,OR,34.042857142857144
110,AND,7.557142857142857
89,AND,7.557142857142857
110,OR,21.742857142857144
89,OR,21.742857142857144
136,AND,9.7
352,AND,9.7
136,OR,18.571428571428573
352,OR,18.571428571428573
277,AND,8.485714285714286
174,AND,8.485714285714286
277,OR,15.742857142857142
174,OR,15.742857142857142
342,AND,1.0
136,AND,1.0
342,OR,28.071428571428573
136,OR,28.071428571428573
330,AND,19.585714285714285
175,AND,19.585714285714285
330,OR,17.185714285714287
175,OR,17.185714285714287
131,AND,1.0
143,AND,1.0
131,OR,17.985714285714284
143,OR,17.985714285714284
313,AND,22.5
306,AND,22.5
313,OR,25.67142857142857
306,OR,25.67142857142857
367,AND,18.042857142857144
234,AND,18.042857142857144
367,OR,29.15714285714286
234,OR,29.15714285714286
105,AND,1.0
348,AND,1.0
105,OR,27.7
348,OR,27.7
142,AND,8.4
59,AND,8.4
142,OR,16.52857142857143
59,OR,16.52857142857143
268,AND,1.0
161,AND,1.0
268,OR,24.12857142857143
161,OR,24.12857142857143
48,AND,12.957142857142857
359,AND,12.957142857142857
48,OR,20.02857142857143
359,OR,20.02857142857143
150,AND,1.0
215,AND,1.0
150,OR,18.085714285714285
215,OR,18.085714285714285
73,AND,20.185714285714287
362,AND,20.185714285714287
73,OR,13.2
362,OR,13.2
336,AND,1.0
297,AND,1.0
336,OR,41.642857142857146
297,OR,41.642857142857146
296,AND,1.0
108,AND,1.0
296,OR,28.114285714285714
108,OR,28.114285714285714
182,AND,8.8
123,AND,8.8
182,OR,22.52857142857143
123,OR,22.52857142857143
336,AND,19.6
62,AND,19.6
336,OR,8.485714285714286
62,OR,8.485714285714286
324,AND,12.357142857142858
263,AND,12.357142857142858
324,OR,28.242857142857144
263,OR,28.242857142857144
89,AND,6.671428571428572
153,AND,6.671428571428572
89,OR,17.442857142857143
153,OR,17.442857142857143
157,AND,13.657142857142857
115,AND,13.657142857142857
157,OR,14.028571428571428
115,OR,14.028571428571428
154,AND,2.2857142857142856
273,AND,2.2857142857142856
154,OR,22.728571428571428
273,OR,22.728571428571428
142,AND,9.614285714285714
221,AND,9.614285714285714
142,OR,35.628571428571426
221,OR,35.628571428571426
357,AND,4.1
75,AND,4.1
357,OR,21.571428571428573
75,OR,21.571428571428573
54,AND,21.057142857142857
369,AND,21.057142857142857
54,OR,14.114285714285714
369,OR,14.114285714285714
333,AND,2.5428571428571427
322,AND,2.5428571428571427
333,OR,45.142857142857146
322,OR,45.142857142857146
106,AND,3.842857142857143
87,AND,3.842857142857143
106,OR,16.17142857142857
87,OR,16.17142857142857
257,AND,16.042857142857144
63,AND,16.042857142857144
257,OR,14.028571428571428
63,OR,14.028571428571428
253,AND,15.0
39,AND,15.0
253,OR,29.87142857142857
39,OR,29.87142857142857
134,AND,12.085714285714285
64,AND,12.085714285714285
134,OR,24.17142857142857
64,OR,24.17142857142857
126,AND,1.0
127,AND,1.0
126,OR,15.342857142857143
127,OR,15.342857142857143
231,AND,1.0
284,AND,1.0
231,OR,30.52857142857143
284,OR,30.52857142857143
101,AND,1.0
161,AND,1.0
101,OR,20.685714285714287
161,OR,20.685714285714287
62,AND,16.685714285714287
67,AND,16.685714285714287
62,OR,12.985714285714286
67,OR,12.985714285714286
34,AND,19.67142857142857
287,AND,19.67142857142857
34,OR,18.9
287,OR,18.9
359,AND,16.0
301,AND,16.0
359,OR,23.485714285714284
301,OR,23.485714285714284
364,AND,1.0
229,AND,1.0
364,OR,33.08571428571429
229,OR,33.08571428571429
222,AND,5.514285714285714
121,AND,5.514285714285714
222,OR,17.4
121,OR,17.4
30,AND,1.0
88,AND,1.0
30,OR,10.014285714285714
88,OR,10.014285714285714
188,AND,1.0
168,AND,1.0
188,OR,20.957142857142856
168,OR,20.957142857142856
178,AND,5.685714285714286
89,AND,5.685714285714286
178,OR,24.47142857142857
89,OR,24.47142857142857
285,AND,7.0285714285714285
149,AND,7.0285714285714285
285,OR,17.257142857142856
149,OR,17.257142857142856
261,AND,1.0
32,AND,1.0
261,OR,17.542857142857144
32,OR,17.542857142857144
328,AND,10.985714285714286
310,AND,10.985714285714286
328,OR,33.371428571428574
310,OR,33.371428571428574
142,AND,4.9714285714285715
159,AND,4.9714285714285715
142,OR,25.142857142857142
159,OR,25.142857142857142
177,AND,14.17142857142857
99,AND,14.17142857142857
177,OR,22.0
99,OR,22.0
111,AND,13.914285714285715
215,AND,13.914285714285715
111,OR,25.814285714285713
215,OR,25.814285714285713
301,AND,1.0
278,AND,1.0
301,OR,43.15714285714286
278,OR,43.15714285714286
84,AND,5.1
97,AND,5.1
84,OR,12.014285714285714
97,OR,12.014285714285714
287,AND,1.0
335,AND,1.0
287,OR,32.142857142857146
335,OR,32.142857142857146
165,AND,10.771428571428572
137,AND,10.771428571428572
165,OR,32.42857142857143
137,OR,32.42857142857143
270,AND,4.8
120,AND,4.8
270,OR,27.02857142857143
120,OR,27.02857142857143
303,AND,3.5142857142857142
251,AND,3.5142857142857142
303,OR,36.042857142857144
251,OR,36.042857142857144
153,AND,6.0285714285714285
142,AND,6.0285714285714285
153,OR,13.6
142,OR,13.6
115,AND,5.4714285714285715
50,AND,5.4714285714285715
115,OR,11.128571428571428
50,OR,11.128571428571428
50,AND,20.9
102,AND,20.9
50,OR,25.9
102,OR,25.9
306,AND,12.82857142857143
312,AND,12.82857142857143
306,OR,25.114285714285714
312,OR,25.114285714285714
53,AND,21.52857142857143
352,AND,21.52857142857143
53,OR,14.82857142857143
352,OR,14.82857142857143
340,AND,18.642857142857142
187,AND,18.642857142857142
340,OR,44.42857142857143
187,OR,44.42857142857143
205,AND,1.0
260,AND,1.0
205,OR,22.37142857142857
260,OR,22.37142857142857
223,AND,10.242857142857142
299,AND,10.242857142857142
223,OR,17.885714285714286
299,OR,17.885714285714286
217,AND,13.957142857142857
235,AND,13.957142857142857
217,OR,42.32857142857143
235,OR,42.32857142857143
261,AND,10.957142857142857
353,AND,10.957142857142857
261,OR,24.757142857142856
353,OR,24.757142857142856
273,AND,9.385714285714286
290,AND,9.385714285714286
273,OR,26.1
290,OR,26.1
319,AND,24.642857142857142
112,AND,24.642857142857142
319,OR,31.914285714285715
112,OR,31.914285714285715
368,AND,17.571428571428573
109,AND,17.571428571428573
368,OR,20.771428571428572
109,OR,20.771428571428572
335,AND,17.485714285714284
54,AND,17.485714285714284
335,OR,14.142857142857142
54,OR,14.142857142857142
211,AND,7.285714285714286
235,AND,7.285714285714286
211,OR,43.32857142857143
235,OR,43.32857142857143
313,AND,20.685714285714287
306,AND,20.685714285714287
313,OR,23.242857142857144
306,OR,23.242857142857144
187,AND,8.157142857142857
233,AND,8.157142857142857
187,OR,14.657142857142857
233,OR,14.657142857142857
248,AND,10.342857142857143
51,AND,10.342857142857143
248,OR,23.685714285714287
51,OR,23.685714285714287
188,AND,9.571428571428571
184,AND,9.571428571428571
188,OR,43.357142857142854
184,OR,43.357142857142854
33,AND,32.27142857142857
190,AND,32.27142857142857
33,OR,48.614285714285714
190,OR,48.614285714285714
289,AND,11.814285714285715
240,AND,11.814285714285715
289,OR,19.271428571428572
240,OR,19.271428571428572
165,AND,8.685714285714285
234,AND,8.685714285714285
165,OR,36.91428571428571
234,OR,36.91428571428571
215,AND,8.757142857142858
113,AND,8.757142857142858
215,OR,40.48571428571429
113,OR,40.48571428571429
243,AND,12.114285714285714
47,AND,12.114285714285714
243,OR,13.67142857142857
47,OR,13.67142857142857
285,AND,13.971428571428572
291,AND,13.971428571428572
285,OR,21.057142857142857
291,OR,21.057142857142857
308,AND,1.0
341,AND,1.0
308,OR,39.8
341,OR,39.8
133,AND,1.0
337,AND,1.0
133,OR,33.957142857142856
337,OR,33.957142857142856
29,AND,17.885714285714286
362,AND,17.885714285714286
29,OR,19.085714285714285
362,OR,19.085714285714285
234,AND,14.9
31,AND,14.9
234,OR,12.485714285714286
31,OR,12.485714285714286
307,AND,16.814285714285713
140,AND,16.814285714285713
307,OR,23.17142857142857
140,OR,23.17142857142857
164,AND,6.371428571428571
46,AND,6.371428571428571
164,OR,23.771428571428572
46,OR,23.771428571428572
331,AND,7.9
98,AND,7.9
331,OR,25.82857142857143
98,OR,25.82857142857143
257,AND,10.6
283,AND,10.6
257,OR,22.142857142857142
283,OR,22.142857142857142
346,AND,12.342857142857143
244,AND,12.342857142857143
346,OR,23.614285714285714
244,OR,23.614285714285714
289,AND,1.0
180,AND,1.0
289,OR,38.47142857142857
180,OR,38.47142857142857
245,AND,5.142857142857143
82,AND,5.142857142857143
245,OR,16.085714285714285
82,OR,16.085714285714285
116,AND,22.6
355,AND,22.6
116,OR,22.0
355,OR,22.0
265,AND,1.0
261,AND,1.0
265,OR,25.257142857142856
261,OR,25.257142857142856
195,AND,13.7
47,AND,13.7
195,OR,24.47142857142857
47,OR,24.47142857142857
360,AND,1.0
279,AND,1.0
360,OR,29.4
279,OR,29.4
45,AND,8.642857142857142
98,AND,8.642857142857142
45,OR,14.2
98,OR,14.2
263,AND,4.9714285714285715
102,AND,4.9714285714285715
263,OR,27.557142857142857
102,OR,27.557142857142857
216,AND,11.985714285714286
194,AND,11.985714285714286
216,OR,43.07142857142857
194,OR,43.07142857142857
279,AND,8.128571428571428
171,AND,8.128571428571428
279,OR,28.214285714285715
171,OR,28.214285714285715
237,AND,6.214285714285714
203,AND,6.214285714285714
237,OR,20.614285714285714
203,OR,20.614285714285714
300,AND,1.0
340,AND,1.0
300,OR,34.214285714285715
340,OR,34.214285714285715
347,AND,16.857142857142858
342,AND,16.857142857142858
347,OR,25.242857142857144
342,OR,25.242857142857144
75,AND,27.114285714285714
46,AND,27.114285714285714
75,OR,28.87142857142857
46,OR,28.87142857142857
144,AND,18.557142857142857
339,AND,18.557142857142857
144,OR,16.3
339,OR,16.3
131,AND,17.685714285714287
279,AND,17.685714285714287
131,OR,27.785714285714285
279,OR,27.785714285714285
112,AND,11.257142857142858
364,AND,11.257142857142858
112,OR,19.9
364,OR,19.9
156,AND,6.7
230,AND,6.7
156,OR,21.728571428571428
230,OR,21.728571428571428
350,AND,1.0
299,AND,1.0
350,OR,35.871428571428574
299,OR,35.871428571428574
147,AND,4.1
295,AND,4.1
147,OR,27.5
295,OR,27.5
309,AND,25.0
91,AND,25.0
309,OR,35.6
91,OR,35.6
356,AND,21.52857142857143
126,AND,21.52857142857143
356,OR,24.457142857142856
126,OR,24.457142857142856
156,AND,15.557142857142857
146,AND,15.557142857142857
156,OR,41.214285714285715
146,OR,41.214285714285715
246,AND,12.085714285714285
89,AND,12.085714285714285
246,OR,32.3
89,OR,32.3
228,AND,8.157142857142857
95,AND,8.157142857142857
228,OR,46.957142857142856
95,OR,46.957142857142856
153,AND,10.085714285714285
111,AND,10.085714285714285
153,OR,24.65714285714286
111,OR,24.65714285714286
193,AND,10.242857142857142
248,AND,10.242857142857142
193,OR,30.12857142857143
248,OR,30.12857142857143
234,AND,2.2857142857142856
299,AND,2.2857142857142856
234,OR,41.08571428571429
299,OR,41.08571428571429
340,AND,13.871428571428572
273,AND,13.871428571428572
340,OR,27.12857142857143
273,OR,27.12857142857143
250,AND,14.357142857142858
169,AND,14.357142857142858
250,OR,36.885714285714286
169,OR,36.885714285714286
207,AND,5.014285714285714
229,AND,5.014285714285714
207,OR,32.94285714285714
229,OR,32.94285714285714
292,AND,11.057142857142857
69,AND,11.057142857142857
292,OR,24.557142857142857
69,OR,24.557142857142857
76,AND,1.0
71,AND,1.0
76,OR,10.771428571428572
71,OR,10.771428571428572
235,AND,16.485714285714284
321,AND,16.485714285714284
235,OR,31.285714285714285
321,OR,31.285714285714285
334,AND,25.142857142857142
71,AND,25.142857142857142
334,OR,17.785714285714285
71,OR,17.785714285714285
33,AND,1.0
48,AND,1.0
33,OR,8.142857142857142
48,OR,8.142857142857142
301,AND,26.114285714285714
172,AND,26.114285714285714
301,OR,37.6
172,OR,37.6
237,AND,13.242857142857142
287,AND,13.242857142857142
237,OR,21.214285714285715
287,OR,21.214285714285715
171,AND,1.0
335,AND,1.0
171,OR,27.214285714285715
335,OR,27.214285714285715
55,AND,25.7
73,AND,25.7
55,OR,21.685714285714287
73,OR,21.685714285714287
245,AND,1.0
353,AND,1.0
245,OR,35.542857142857144
353,OR,35.542857142857144
123,AND,9.057142857142857
37,AND,9.057142857142857
123,OR,6.4
37,OR,6.4
359,AND,1.0
281,AND,1.0
359,OR,30.3
281,OR,30.3
218,AND,2.5714285714285716
208,AND,2.5714285714285716
218,OR,22.5
208,OR,22.5
55,AND,9.157142857142857
247,AND,9.157142857142857
55,OR,20.857142857142858
247,OR,20.857142857142858
90,AND,12.128571428571428
60,AND,12.128571428571428
90,OR,15.67142857142857
60,OR,15.67142857142857
39,AND,5.385714285714286
345,AND,5.385714285714286
39,OR,29.514285714285716
345,OR,29.514285714285716
120,AND,1.0
183,AND,1.0
120,OR,18.114285714285714
183,OR,18.114285714285714
320,AND,1.0
202,AND,1.0
320,OR,29.714285714285715
202,OR,29.714285714285715
215,AND,8.871428571428572
358,AND,8.871428571428572
215,OR,21.114285714285714
358,OR,21.114285714285714
86,AND,3.2
172,AND,3.2
86,OR,30.3
172,OR,30.3
320,AND,16.84285714285714
328,AND,16.84285714285714
320,OR,27.214285714285715
328,OR,27.214285714285715
294,AND,1.0
369,AND,1.0
294,OR,38.371428571428574
369,OR,38.371428571428574
101,AND,2.2857142857142856
254,AND,2.2857142857142856
101,OR,20.014285714285716
254,OR,20.014285714285716
111,AND,13.857142857142858
148,AND,13.857142857142858
111,OR,28.514285714285716
148,OR,28.514285714285716
61,AND,21.17142857142857
42,AND,21.17142857142857
61,OR,18.957142857142856
42,OR,18.957142857142856
125,AND,12.67142857142857
83,AND,12.67142857142857
125,OR,30.614285714285714
83,OR,30.614285714285714
222,AND,5.614285714285714
361,AND,5.614285714285714
222,OR,25.085714285714285
361,OR,25.085714285714285
358,AND,21.32857142857143
311,AND,21.32857142857143
358,OR,26.714285714285715
311,OR,26.714285714285715
125,AND,5.985714285714286
352,AND,5.985714285714286
125,OR,21.957142857142856
352,OR,21.957142857142856
26,AND,21.114285714285714
327,AND,21.114285714285714
26,OR,17.071428571428573
327,OR,17.071428571428573
286,AND,3.657142857142857
317,AND,3.657142857142857
286,OR,41.44285714285714
317,OR,41.44285714285714
145,AND,9.228571428571428
132,AND,9.228571428571428
145,OR,24.34285714285714
132,OR,24.34285714285714
201,AND,7.7
133,AND,7.7
201,OR,27.914285714285715
133,OR,27.914285714285715
369,AND,22.585714285714285
126,AND,22.585714285714285
369,OR,21.34285714285714
126,OR,21.34285714285714
