tipo,x,y
simuladas,32,3.5
simuladas,48,4.814285714285714
simuladas,190,12.571428571428571
simuladas,125,7.185714285714286
simuladas,120,8.3
simuladas,88,8.8
simuladas,101,8.214285714285714
simuladas,62,10.285714285714286
simuladas,168,11.428571428571429
simuladas,113,22.2
simuladas,115,10.957142857142857
simuladas,4,2.057142857142857
simuladas,247,16.685714285714287
simuladas,144,8.17142857142857
simuladas,214,25.4
simuladas,25,3.4714285714285715
simuladas,32,4.114285714285714
simuladas,235,25.1
simuladas,48,3.914285714285714
simuladas,124,22.4
simuladas,12,2.8142857142857145
simuladas,126,21.585714285714285
simuladas,143,10.885714285714286
simuladas,103,8.4
simuladas,3,2.0
simuladas,6,2.3
simuladas,98,14.1
simuladas,67,5.571428571428571
simuladas,190,12.514285714285714
simuladas,203,44.457142857142856
simuladas,141,21.5
simuladas,119,15.82857142857143
simuladas,157,13.242857142857142
simuladas,63,11.528571428571428
simuladas,26,3.8714285714285714
simuladas,141,29.071428571428573
simuladas,38,5.457142857142857
simuladas,156,10.528571428571428
simuladas,207,38.885714285714286
simuladas,93,12.971428571428572
simuladas,22,7.885714285714286
simuladas,1,1.3571428571428572
simuladas,220,11.585714285714285
simuladas,217,12.557142857142857
simuladas,147,8.342857142857143
simuladas,145,9.242857142857142
simuladas,3,2.2
simuladas,2,1.7
simuladas,129,18.228571428571428
simuladas,126,10.385714285714286
simuladas,112,8.442857142857143
simuladas,2,1.5
simuladas,36,7.385714285714286
simuladas,239,23.271428571428572
simuladas,116,6.8428571428571425
simuladas,165,12.142857142857142
simuladas,51,7.785714285714286
simuladas,231,14.014285714285714
simuladas,60,14.857142857142858
simuladas,87,11.82857142857143
simuladas,188,43.98571428571429
simuladas,61,12.028571428571428
simuladas,122,16.357142857142858
simuladas,38,5.914285714285715
simuladas,71,12.4
simuladas,132,17.414285714285715
simuladas,175,48.07142857142857
simuladas,104,8.071428571428571
simuladas,174,12.128571428571428
simuladas,143,12.014285714285714
simuladas,223,15.8
simuladas,183,11.657142857142857
simuladas,248,15.028571428571428
simuladas,18,5.0285714285714285
simuladas,125,16.785714285714285
simuladas,22,6.171428571428572
simuladas,241,11.557142857142857
simuladas,65,15.014285714285714
simuladas,217,11.971428571428572
simuladas,65,5.042857142857143
simuladas,212,18.314285714285713
simuladas,209,26.47142857142857
simuladas,119,8.557142857142857
simuladas,171,54.857142857142854
simuladas,103,7.071428571428571
simuladas,171,10.857142857142858
simuladas,223,14.971428571428572
simuladas,199,11.571428571428571
simuladas,74,6.985714285714286
simuladas,61,5.557142857142857
simuladas,59,12.542857142857143
simuladas,120,7.114285714285714
simuladas,226,11.814285714285715
simuladas,202,18.6
simuladas,118,16.65714285714286
simuladas,217,21.3
simuladas,28,8.457142857142857
simuladas,219,12.528571428571428
simuladas,4,1.9142857142857144
simuladas,38,8.3
simuladas,49,6.228571428571429
simuladas,121,10.385714285714286
simuladas,208,12.342857142857143
simuladas,28,6.8
simuladas,158,10.8
simuladas,91,8.714285714285714
simuladas,38,5.8428571428571425
simuladas,41,12.114285714285714
simuladas,7,2.1714285714285713
simuladas,226,23.728571428571428
simuladas,38,5.385714285714286
simuladas,50,5.057142857142857
simuladas,91,19.67142857142857
simuladas,120,12.385714285714286
simuladas,10,2.8142857142857145
simuladas,8,2.4285714285714284
simuladas,48,4.957142857142857
simuladas,82,6.085714285714285
simuladas,213,13.071428571428571
simuladas,117,8.657142857142857
simuladas,245,16.385714285714286
simuladas,13,2.4714285714285715
simuladas,131,18.057142857142857
simuladas,224,14.257142857142858
simuladas,77,6.1571428571428575
simuladas,137,32.5
simuladas,69,5.4714285714285715
simuladas,247,12.771428571428572
simuladas,23,4.385714285714286
simuladas,220,11.814285714285715
simuladas,14,4.2
simuladas,13,2.6857142857142855
simuladas,180,9.057142857142857
simuladas,237,14.057142857142857
simuladas,50,5.2
simuladas,102,5.071428571428571
simuladas,234,18.142857142857142
simuladas,48,4.0285714285714285
simuladas,171,48.05714285714286
simuladas,242,40.92857142857143
simuladas,60,4.557142857142857
simuladas,242,13.8
simuladas,140,22.442857142857143
simuladas,180,33.871428571428574
simuladas,8,3.142857142857143
simuladas,248,23.82857142857143
simuladas,36,3.4
simuladas,167,10.014285714285714
simuladas,6,2.5
simuladas,191,10.414285714285715
simuladas,226,34.128571428571426
simuladas,202,11.657142857142857
simuladas,128,10.414285714285715
simuladas,83,6.9
simuladas,90,17.728571428571428
simuladas,86,6.728571428571429
simuladas,122,25.414285714285715
simuladas,149,9.7
simuladas,12,3.0142857142857142
simuladas,31,3.7857142857142856
simuladas,201,10.657142857142857
simuladas,78,19.3
simuladas,30,5.742857142857143
simuladas,97,6.957142857142857
simuladas,217,12.3
simuladas,27,4.014285714285714
simuladas,224,29.314285714285713
simuladas,32,9.82857142857143
simuladas,161,11.657142857142857
simuladas,153,17.714285714285715
simuladas,104,12.957142857142857
simuladas,10,3.0142857142857142
simuladas,197,15.685714285714285
simuladas,250,29.6
simuladas,15,4.885714285714286
simuladas,5,1.8714285714285714
simuladas,47,5.285714285714286
simuladas,80,14.742857142857142
simuladas,135,15.985714285714286
simuladas,94,7.4
simuladas,17,2.7
simuladas,185,32.8
simuladas,80,10.942857142857143
simuladas,2,1.9
simuladas,203,11.257142857142858
simuladas,213,31.928571428571427
simuladas,195,32.3
simuladas,151,25.357142857142858
simuladas,237,30.928571428571427
simuladas,82,8.642857142857142
simuladas,73,12.728571428571428
simuladas,228,13.357142857142858
simuladas,7,2.0285714285714285
simuladas,191,42.357142857142854
simuladas,231,16.02857142857143
simuladas,43,13.085714285714285
simuladas,214,14.471428571428572
simuladas,92,12.657142857142857
simuladas,87,11.82857142857143
simuladas,67,5.571428571428571
simuladas,132,10.871428571428572
simuladas,101,9.114285714285714
simuladas,248,22.7
simuladas,112,6.985714285714286
simuladas,211,11.785714285714286
simuladas,120,8.657142857142857
simuladas,181,26.042857142857144
simuladas,225,14.071428571428571
simuladas,91,6.314285714285714
simuladas,44,10.857142857142858
simuladas,191,22.9
simuladas,226,34.128571428571426
simuladas,174,32.72857142857143
simuladas,114,9.657142857142857
simuladas,92,7.8428571428571425
simuladas,81,6.642857142857143
simuladas,35,9.214285714285714
simuladas,150,8.0
simuladas,97,7.171428571428572
simuladas,126,8.357142857142858
simuladas,113,7.185714285714286
simuladas,51,19.942857142857143
simuladas,15,5.214285714285714
simuladas,159,35.32857142857143
simuladas,74,6.957142857142857
simuladas,138,8.4
simuladas,145,8.685714285714285
simuladas,86,6.828571428571428
simuladas,14,4.6
simuladas,120,7.385714285714286
simuladas,71,12.1
simuladas,194,33.44285714285714
simuladas,4,2.0714285714285716
simuladas,125,8.285714285714286
simuladas,187,46.47142857142857
simuladas,169,10.857142857142858
simuladas,172,35.357142857142854
simuladas,4,2.2857142857142856
simuladas,147,22.742857142857144
simuladas,150,22.228571428571428
simuladas,47,9.67142857142857
simuladas,28,8.1
simuladas,38,5.914285714285715
simuladas,232,18.942857142857143
simuladas,203,12.728571428571428
simuladas,83,6.457142857142857
simuladas,132,17.414285714285715
simuladas,15,4.271428571428571
simuladas,73,7.0285714285714285
simuladas,241,12.0
simuladas,51,8.357142857142858
simuladas,115,10.957142857142857
simuladas,174,39.4
simuladas,227,13.585714285714285
simuladas,7,2.442857142857143
simuladas,149,22.857142857142858
simuladas,56,5.871428571428571
simuladas,212,10.757142857142858
simuladas,93,6.114285714285714
simuladas,121,8.2
simuladas,79,6.671428571428572
simuladas,105,6.928571428571429
simuladas,47,9.67142857142857
simuladas,143,8.185714285714285
simuladas,217,12.3
simuladas,132,11.085714285714285
simuladas,18,3.7142857142857144
simuladas,74,6.985714285714286
simuladas,53,4.928571428571429
simuladas,128,18.15714285714286
simuladas,202,22.557142857142857
simuladas,236,24.942857142857143
simuladas,233,11.757142857142858
simuladas,181,39.97142857142857
simuladas,41,5.057142857142857
simuladas,5,2.4714285714285715
simuladas,165,10.785714285714286
simuladas,210,15.7
simuladas,69,11.071428571428571
simuladas,221,24.5
simuladas,54,4.857142857142857
simuladas,137,7.671428571428572
simuladas,115,10.957142857142857
simuladas,168,17.271428571428572
simuladas,72,6.371428571428571
simuladas,213,26.414285714285715
simuladas,119,7.9714285714285715
simuladas,53,5.442857142857143
simuladas,41,4.942857142857143
simuladas,246,13.742857142857142
simuladas,56,18.97142857142857
simuladas,76,5.9
simuladas,228,11.785714285714286
simuladas,6,2.4571428571428573
simuladas,136,17.87142857142857
simuladas,36,3.357142857142857
simuladas,153,9.971428571428572
simuladas,143,9.771428571428572
simuladas,23,3.4571428571428573
simuladas,94,6.885714285714286
simuladas,26,7.585714285714285
simuladas,8,2.4
simuladas,41,4.914285714285715
simuladas,130,14.32857142857143
simuladas,84,9.114285714285714
simuladas,100,8.1
simuladas,186,13.571428571428571
simuladas,206,25.014285714285716
simuladas,58,9.514285714285714
simuladas,94,8.8
simuladas,111,7.814285714285714
simuladas,143,8.185714285714285
simuladas,212,11.785714285714286
simuladas,17,2.4714285714285715
simuladas,195,22.67142857142857
simuladas,96,6.928571428571429
simuladas,47,11.8
simuladas,131,26.3
simuladas,238,14.914285714285715
simuladas,156,10.157142857142857
simuladas,48,5.728571428571429
simuladas,72,12.228571428571428
simuladas,234,21.985714285714284
simuladas,224,15.9
simuladas,131,27.314285714285713
simuladas,39,6.414285714285715
simuladas,188,46.67142857142857
simuladas,23,4.385714285714286
simuladas,87,7.1
simuladas,121,13.3
simuladas,7,2.585714285714286
simuladas,212,10.785714285714286
simuladas,102,6.485714285714286
simuladas,59,6.242857142857143
simuladas,208,20.82857142857143
simuladas,74,11.914285714285715
simuladas,221,28.62857142857143
simuladas,69,5.4714285714285715
simuladas,23,7.3
simuladas,180,21.942857142857143
simuladas,70,19.414285714285715
simuladas,209,13.085714285714285
simuladas,233,14.457142857142857
simuladas,101,8.214285714285714
simuladas,102,7.828571428571428
simuladas,202,38.5
simuladas,128,8.271428571428572
simuladas,117,12.714285714285714
simuladas,125,7.185714285714286
simuladas,30,7.542857142857143
simuladas,17,2.7
simuladas,234,18.142857142857142
simuladas,171,11.728571428571428
simuladas,249,13.214285714285714
simuladas,79,6.671428571428572
simuladas,23,4.985714285714286
simuladas,79,14.057142857142857
simuladas,61,19.614285714285714
simuladas,53,5.257142857142857
simuladas,140,20.2
simuladas,110,7.014285714285714
simuladas,116,6.6571428571428575
simuladas,249,27.7
simuladas,107,26.62857142857143
simuladas,68,20.414285714285715
simuladas,139,12.457142857142857
simuladas,6,2.1142857142857143
simuladas,62,8.32857142857143
simuladas,122,25.414285714285715
simuladas,147,8.028571428571428
simuladas,105,19.514285714285716
simuladas,44,5.457142857142857
simuladas,248,16.942857142857143
simuladas,45,9.885714285714286
simuladas,235,13.985714285714286
simuladas,7,2.3285714285714287
simuladas,167,30.32857142857143
simuladas,159,35.1
simuladas,48,4.957142857142857
simuladas,206,12.32857142857143
simuladas,228,35.614285714285714
simuladas,61,5.557142857142857
simuladas,125,10.1
simuladas,231,16.4
simuladas,232,11.957142857142857
simuladas,82,5.785714285714286
simuladas,47,12.657142857142857
simuladas,64,7.242857142857143
simuladas,46,5.071428571428571
simuladas,184,11.457142857142857
simuladas,19,5.1571428571428575
simuladas,246,13.885714285714286
simuladas,51,7.014285714285714
simuladas,246,18.65714285714286
simuladas,118,16.685714285714287
simuladas,105,8.928571428571429
simuladas,154,17.085714285714285
simuladas,174,9.2
simuladas,154,14.357142857142858
simuladas,168,30.357142857142858
simuladas,24,5.871428571428571
simuladas,6,2.5285714285714285
simuladas,123,11.457142857142857
simuladas,69,21.5
simuladas,94,23.34285714285714
simuladas,61,5.557142857142857
simuladas,219,17.757142857142856
simuladas,50,11.285714285714286
simuladas,229,13.457142857142857
simuladas,245,14.914285714285715
simuladas,128,9.071428571428571
simuladas,163,10.17142857142857
simuladas,162,17.428571428571427
simuladas,176,32.08571428571429
simuladas,5,1.7428571428571429
simuladas,5,2.3857142857142857
simuladas,130,7.128571428571429
simuladas,128,25.085714285714285
simuladas,211,40.3
simuladas,206,10.67142857142857
simuladas,183,43.371428571428574
simuladas,37,6.9
simuladas,189,34.77142857142857
simuladas,6,2.4
simuladas,118,16.685714285714287
simuladas,42,5.085714285714285
simuladas,215,17.385714285714286
simuladas,40,4.285714285714286
simuladas,109,9.2
simuladas,102,7.828571428571428
simuladas,160,27.8
simuladas,11,2.2857142857142856
simuladas,82,5.0285714285714285
simuladas,5,2.357142857142857
simuladas,52,9.67142857142857
simuladas,20,3.0
simuladas,194,9.342857142857143
simuladas,29,11.4
simuladas,71,6.2
simuladas,81,5.785714285714286
simuladas,16,4.957142857142857
simuladas,95,11.442857142857143
simuladas,91,6.314285714285714
simuladas,93,13.742857142857142
simuladas,42,5.085714285714285
simuladas,246,31.84285714285714
simuladas,4,2.7714285714285714
simuladas,198,25.071428571428573
simuladas,193,33.08571428571429
simuladas,76,6.957142857142857
simuladas,11,4.114285714285714
simuladas,179,11.771428571428572
simuladas,205,31.228571428571428
simuladas,211,42.31428571428572
simuladas,76,6.714285714285714
simuladas,29,7.371428571428571
simuladas,136,11.914285714285715
simuladas,52,9.67142857142857
simuladas,191,13.514285714285714
simuladas,108,22.1
simuladas,44,17.414285714285715
simuladas,178,12.114285714285714
simuladas,193,41.34285714285714
simuladas,58,6.385714285714286
simuladas,151,31.142857142857142
simuladas,95,7.8
simuladas,27,3.942857142857143
simuladas,69,12.742857142857142
simuladas,203,37.15714285714286
simuladas,138,7.771428571428571
simuladas,100,12.714285714285714
simuladas,9,2.1714285714285713
simuladas,249,13.2
simuladas,66,6.614285714285714
simuladas,209,15.157142857142857
simuladas,244,12.82857142857143
simuladas,180,45.44285714285714
simuladas,41,12.114285714285714
simuladas,86,7.885714285714286
simuladas,163,39.68571428571428
simuladas,167,30.8
simuladas,36,11.471428571428572
simuladas,105,7.757142857142857
simuladas,246,30.2
simuladas,212,11.271428571428572
simuladas,243,27.1
simuladas,179,36.5
simuladas,125,7.185714285714286
simuladas,9,3.0
simuladas,77,26.1
simuladas,105,19.514285714285716
simuladas,49,6.614285714285714
simuladas,56,9.728571428571428
simuladas,221,19.728571428571428
simuladas,242,13.8
simuladas,81,10.028571428571428
simuladas,114,8.614285714285714
simuladas,17,2.7
simuladas,129,8.971428571428572
simuladas,224,11.114285714285714
simuladas,23,6.6571428571428575
simuladas,250,11.742857142857142
simuladas,128,10.242857142857142
simuladas,141,10.357142857142858
simuladas,103,7.071428571428571
simuladas,191,11.0
simuladas,68,6.485714285714286
simuladas,1,1.542857142857143
simuladas,114,8.757142857142858
simuladas,153,9.957142857142857
simuladas,97,7.285714285714286
simuladas,102,6.957142857142857
simuladas,53,14.67142857142857
simuladas,108,7.985714285714286
simuladas,94,6.885714285714286
simuladas,125,10.1
simuladas,226,12.957142857142857
simuladas,178,12.114285714285714
simuladas,89,11.128571428571428
simuladas,240,12.857142857142858
simuladas,193,27.242857142857144
simuladas,28,3.657142857142857
simuladas,206,40.48571428571429
simuladas,243,17.32857142857143
simuladas,206,31.0
simuladas,238,15.442857142857143
simuladas,16,3.7285714285714286
simuladas,102,6.957142857142857
simuladas,175,19.014285714285716
simuladas,149,36.7
simuladas,31,4.742857142857143
simuladas,185,50.457142857142856
simuladas,146,14.842857142857143
simuladas,154,8.628571428571428
simuladas,122,16.357142857142858
simuladas,82,5.0285714285714285
simuladas,29,6.514285714285714
simuladas,234,15.842857142857143
simuladas,160,21.52857142857143
simuladas,70,4.457142857142857
simuladas,112,8.071428571428571
simuladas,55,5.871428571428571
simuladas,137,32.51428571428571
simuladas,206,13.557142857142857
simuladas,228,33.25714285714286
simuladas,166,13.6
simuladas,62,4.457142857142857
simuladas,240,16.885714285714286
simuladas,151,9.942857142857143
simuladas,122,8.228571428571428
simuladas,198,38.25714285714286
simuladas,138,21.7
simuladas,164,9.457142857142857
simuladas,12,2.2857142857142856
simuladas,2,1.5
simuladas,149,36.7
simuladas,227,31.9
simuladas,109,6.957142857142857
simuladas,204,12.17142857142857
simuladas,13,3.6
simuladas,77,22.714285714285715
simuladas,189,35.05714285714286
simuladas,157,8.414285714285715
simuladas,139,8.257142857142858
simuladas,151,21.057142857142857
simuladas,135,9.457142857142857
simuladas,125,20.742857142857144
simuladas,125,8.585714285714285
simuladas,69,11.457142857142857
simuladas,173,31.34285714285714
simuladas,241,15.842857142857143
simuladas,163,12.314285714285715
simuladas,171,32.371428571428574
simuladas,228,32.81428571428572
simuladas,99,28.785714285714285
simuladas,225,12.0
simuladas,212,11.614285714285714
simuladas,24,6.714285714285714
simuladas,14,4.6
simuladas,179,10.757142857142858
simuladas,241,16.114285714285714
simuladas,192,14.657142857142857
simuladas,250,15.628571428571428
simuladas,49,6.3428571428571425
simuladas,203,11.957142857142857
simuladas,193,11.057142857142857
simuladas,74,5.685714285714286
simuladas,159,9.714285714285714
simuladas,10,2.8
simuladas,107,10.3
simuladas,96,9.157142857142857
simuladas,196,38.05714285714286
simuladas,100,6.485714285714286
simuladas,116,9.17142857142857
simuladas,166,10.742857142857142
simuladas,80,6.757142857142857
simuladas,23,5.457142857142857
simuladas,123,7.057142857142857
simuladas,181,35.5
simuladas,69,12.742857142857142
simuladas,148,8.742857142857142
simuladas,48,8.257142857142858
simuladas,81,6.414285714285715
simuladas,166,8.542857142857143
simuladas,67,5.957142857142857
simuladas,63,6.885714285714286
simuladas,245,14.914285714285715
simuladas,15,4.285714285714286
simuladas,110,9.085714285714285
simuladas,247,14.571428571428571
simuladas,92,9.657142857142857
simuladas,25,5.9714285714285715
simuladas,42,7.871428571428571
simuladas,68,6.042857142857143
simuladas,157,9.628571428571428
simuladas,127,6.828571428571428
simuladas,86,7.785714285714286
simuladas,180,9.057142857142857
simuladas,88,5.785714285714286
simuladas,77,6.1571428571428575
simuladas,224,13.414285714285715
simuladas,85,7.4
simuladas,233,12.642857142857142
simuladas,218,13.285714285714286
simuladas,226,12.314285714285715
simuladas,80,7.757142857142857
simuladas,228,40.77142857142857
simuladas,205,21.685714285714287
simuladas,44,9.82857142857143
simuladas,187,46.47142857142857
simuladas,125,10.8
simuladas,25,3.7857142857142856
simuladas,119,8.642857142857142
simuladas,132,10.871428571428572
simuladas,226,14.82857142857143
simuladas,104,9.957142857142857
simuladas,63,18.914285714285715
simuladas,61,7.5
simuladas,25,7.785714285714286
simuladas,6,2.657142857142857
simuladas,146,8.342857142857143
simuladas,247,12.385714285714286
simuladas,46,9.4
simuladas,115,20.242857142857144
simuladas,116,6.6571428571428575
simuladas,48,5.214285714285714
simuladas,147,27.614285714285714
simuladas,172,19.15714285714286
simuladas,143,11.385714285714286
simuladas,248,22.32857142857143
simuladas,25,3.4714285714285715
simuladas,195,11.928571428571429
simuladas,114,7.985714285714286
simuladas,211,40.3
simuladas,64,6.357142857142857
simuladas,171,11.771428571428572
simuladas,25,4.985714285714286
simuladas,62,5.114285714285714
simuladas,160,21.52857142857143
simuladas,87,9.457142857142857
simuladas,160,10.071428571428571
simuladas,229,13.32857142857143
simuladas,140,30.32857142857143
simuladas,152,9.028571428571428
simuladas,182,12.585714285714285
simuladas,161,26.514285714285716
simuladas,214,17.414285714285715
simuladas,22,6.357142857142857
simuladas,64,6.757142857142857
simuladas,80,14.857142857142858
simuladas,29,5.8
simuladas,111,14.0
simuladas,3,1.542857142857143
simuladas,79,8.32857142857143
simuladas,211,8.771428571428572
simuladas,130,9.0
simuladas,186,12.242857142857142
simuladas,110,8.8
simuladas,214,24.742857142857144
simuladas,166,10.742857142857142
simuladas,234,21.985714285714284
simuladas,167,17.242857142857144
simuladas,206,10.67142857142857
simuladas,179,10.0
simuladas,57,18.8
simuladas,4,1.957142857142857
simuladas,238,11.442857142857143
simuladas,81,19.557142857142857
simuladas,178,37.714285714285715
simuladas,120,8.657142857142857
simuladas,67,6.171428571428572
simuladas,235,11.885714285714286
simuladas,15,6.328571428571428
simuladas,135,14.457142857142857
simuladas,231,16.4
simuladas,168,30.357142857142858
simuladas,216,38.3
simuladas,240,15.157142857142857
simuladas,144,42.98571428571429
simuladas,49,4.814285714285714
simuladas,14,3.6857142857142855
simuladas,96,7.314285714285714
simuladas,83,11.785714285714286
simuladas,175,38.357142857142854
simuladas,183,18.885714285714286
simuladas,194,40.4
simuladas,35,9.214285714285714
simuladas,184,51.22857142857143
simuladas,37,5.614285714285714
simuladas,50,5.314285714285714
simuladas,58,9.514285714285714
simuladas,150,39.34285714285714
simuladas,64,6.285714285714286
simuladas,140,9.471428571428572
simuladas,41,3.9285714285714284
simuladas,77,15.9
simuladas,131,8.514285714285714
simuladas,63,5.3428571428571425
simuladas,57,16.357142857142858
simuladas,203,10.242857142857142
simuladas,23,5.457142857142857
simuladas,215,10.82857142857143
simuladas,11,3.3
simuladas,72,17.814285714285713
simuladas,134,34.25714285714286
simuladas,185,40.42857142857143
simuladas,212,11.585714285714285
simuladas,66,17.15714285714286
simuladas,32,3.257142857142857
simuladas,241,12.0
simuladas,250,29.6
simuladas,175,17.442857142857143
simuladas,208,11.028571428571428
simuladas,17,8.271428571428572
simuladas,12,3.357142857142857
simuladas,190,8.82857142857143
simuladas,146,14.842857142857143
simuladas,248,14.4
simuladas,30,4.485714285714286
simuladas,166,29.914285714285715
simuladas,245,16.385714285714286
simuladas,20,3.6142857142857143
simuladas,7,2.4857142857142858
simuladas,34,3.5714285714285716
simuladas,178,9.657142857142857
simuladas,40,3.8
simuladas,118,16.65714285714286
simuladas,216,10.685714285714285
simuladas,66,6.614285714285714
simuladas,44,6.914285714285715
simuladas,56,4.8
simuladas,84,8.885714285714286
simuladas,226,14.82857142857143
simuladas,112,6.114285714285714
simuladas,181,23.15714285714286
simuladas,120,9.614285714285714
simuladas,115,20.242857142857144
simuladas,34,15.985714285714286
simuladas,18,2.757142857142857
simuladas,189,35.27142857142857
simuladas,47,9.67142857142857
simuladas,233,14.414285714285715
simuladas,4,2.0714285714285716
simuladas,184,10.571428571428571
simuladas,163,22.485714285714284
simuladas,112,12.185714285714285
simuladas,36,10.514285714285714
simuladas,121,8.2
simuladas,70,16.428571428571427
simuladas,175,11.971428571428572
simuladas,35,7.728571428571429
simuladas,98,9.485714285714286
simuladas,48,4.6
simuladas,170,12.857142857142858
simuladas,145,9.242857142857142
simuladas,6,2.757142857142857
simuladas,235,25.1
simuladas,110,8.8
simuladas,17,5.328571428571428
simuladas,13,2.4571428571428573
simuladas,234,15.285714285714286
simuladas,23,9.685714285714285
simuladas,180,28.885714285714286
simuladas,197,12.414285714285715
simuladas,125,8.285714285714286
simuladas,146,8.342857142857143
simuladas,101,8.214285714285714
simuladas,125,20.742857142857144
simuladas,138,21.7
simuladas,84,16.542857142857144
simuladas,236,28.285714285714285
simuladas,159,9.985714285714286
simuladas,66,6.614285714285714
simuladas,238,15.3
simuladas,25,4.371428571428571
simuladas,2,1.542857142857143
simuladas,66,17.15714285714286
simuladas,163,38.75714285714286
simuladas,48,5.571428571428571
simuladas,167,29.02857142857143
simuladas,22,6.671428571428572
simuladas,170,8.32857142857143
simuladas,6,2.6142857142857143
simuladas,88,8.8
simuladas,115,7.057142857142857
simuladas,103,26.542857142857144
simuladas,127,10.157142857142857
simuladas,117,12.714285714285714
simuladas,155,9.7
simuladas,68,9.928571428571429
simuladas,135,15.985714285714286
simuladas,5,2.3857142857142857
simuladas,158,9.757142857142858
simuladas,25,3.4
simuladas,209,41.371428571428574
simuladas,218,13.285714285714286
simuladas,73,7.385714285714286
simuladas,113,14.085714285714285
simuladas,175,12.428571428571429
simuladas,117,16.928571428571427
simuladas,211,11.628571428571428
simuladas,202,25.67142857142857
simuladas,49,5.314285714285714
simuladas,244,14.885714285714286
simuladas,90,8.8
simuladas,186,12.357142857142858
simuladas,105,15.871428571428572
simuladas,28,3.2142857142857144
simuladas,108,7.985714285714286
simuladas,38,4.957142857142857
simuladas,184,11.7
simuladas,49,15.742857142857142
simuladas,17,5.328571428571428
simuladas,152,9.7
simuladas,131,12.285714285714286
simuladas,136,17.87142857142857
simuladas,159,28.114285714285714
simuladas,6,2.1142857142857143
simuladas,222,31.085714285714285
simuladas,48,5.571428571428571
simuladas,67,5.8
simuladas,3,1.8285714285714285
simuladas,233,14.457142857142857
simuladas,210,21.785714285714285
simuladas,133,21.757142857142856
simuladas,49,6.485714285714286
simuladas,155,18.428571428571427
simuladas,198,38.25714285714286
simuladas,38,4.514285714285714
simuladas,42,5.314285714285714
simuladas,211,11.628571428571428
simuladas,106,14.8
simuladas,37,12.67142857142857
simuladas,48,5.728571428571429
simuladas,140,20.2
simuladas,225,14.071428571428571
simuladas,221,12.4
simuladas,165,40.7
simuladas,77,20.042857142857144
simuladas,221,11.5
simuladas,121,13.3
simuladas,230,21.84285714285714
simuladas,105,16.142857142857142
simuladas,218,13.285714285714286
simuladas,5,1.9428571428571428
simuladas,151,9.942857142857143
simuladas,35,9.214285714285714
simuladas,107,10.3
simuladas,135,14.457142857142857
simuladas,39,9.257142857142858
simuladas,148,8.742857142857142
simuladas,60,14.857142857142858
simuladas,178,16.642857142857142
simuladas,159,35.1
simuladas,213,10.657142857142857
simuladas,243,14.714285714285714
simuladas,47,9.67142857142857
simuladas,175,9.542857142857143
simuladas,95,8.3
simuladas,48,10.914285714285715
simuladas,107,26.62857142857143
simuladas,163,33.02857142857143
simuladas,69,11.285714285714286
simuladas,179,10.557142857142857
simuladas,153,14.557142857142857
simuladas,76,6.957142857142857
simuladas,93,17.02857142857143
simuladas,2,1.7571428571428571
simuladas,146,8.342857142857143
simuladas,26,3.7714285714285714
simuladas,127,8.642857142857142
simuladas,201,31.385714285714286
simuladas,123,9.6
simuladas,234,13.371428571428572
simuladas,168,38.94285714285714
simuladas,136,17.15714285714286
simuladas,198,12.285714285714286
simuladas,94,6.885714285714286
simuladas,100,10.4
simuladas,41,9.742857142857142
simuladas,109,7.814285714285714
simuladas,91,12.714285714285714
simuladas,166,13.242857142857142
simuladas,50,4.742857142857143
simuladas,28,11.17142857142857
simuladas,15,2.914285714285714
simuladas,58,11.128571428571428
simuladas,141,29.071428571428573
simuladas,4,2.4285714285714284
simuladas,122,16.357142857142858
simuladas,142,7.114285714285714
simuladas,231,14.014285714285714
simuladas,8,3.5142857142857142
simuladas,168,10.314285714285715
simuladas,38,5.442857142857143
simuladas,68,5.5
simuladas,55,4.442857142857143
simuladas,63,13.928571428571429
simuladas,220,13.457142857142857
simuladas,107,26.62857142857143
simuladas,83,11.785714285714286
simuladas,124,12.442857142857143
simuladas,70,19.414285714285715
simuladas,130,23.47142857142857
simuladas,169,34.41428571428571
simuladas,190,8.82857142857143
simuladas,211,32.6
simuladas,182,11.6
simuladas,246,28.042857142857144
simuladas,224,11.771428571428572
simuladas,154,22.985714285714284
simuladas,238,11.642857142857142
simuladas,140,9.3
simuladas,72,6.5285714285714285
simuladas,237,18.02857142857143
simuladas,106,7.0285714285714285
simuladas,248,13.871428571428572
simuladas,19,5.1571428571428575
simuladas,225,12.242857142857142
simuladas,185,12.32857142857143
simuladas,52,4.228571428571429
simuladas,38,4.242857142857143
simuladas,205,12.285714285714286
simuladas,4,1.7714285714285714
simuladas,141,21.5
simuladas,199,12.885714285714286
simuladas,135,10.457142857142857
simuladas,221,16.728571428571428
simuladas,113,7.714285714285714
simuladas,143,8.185714285714285
simuladas,179,32.9
simuladas,68,12.357142857142858
simuladas,96,21.87142857142857
simuladas,229,13.457142857142857
simuladas,93,17.02857142857143
simuladas,34,3.5714285714285716
simuladas,81,10.028571428571428
simuladas,78,16.271428571428572
simuladas,177,10.185714285714285
simuladas,239,11.628571428571428
simuladas,110,23.185714285714287
simuladas,53,9.357142857142858
simuladas,52,16.142857142857142
simuladas,26,4.457142857142857
simuladas,106,7.285714285714286
simuladas,58,9.514285714285714
simuladas,218,12.542857142857143
simuladas,200,11.571428571428571
simuladas,187,12.914285714285715
simuladas,99,8.485714285714286
simuladas,23,6.728571428571429
simuladas,108,6.285714285714286
simuladas,190,22.885714285714286
simuladas,209,30.071428571428573
simuladas,133,10.414285714285715
simuladas,38,5.457142857142857
simuladas,68,12.357142857142858
simuladas,121,23.32857142857143
simuladas,67,5.957142857142857
simuladas,65,7.914285714285715
simuladas,88,8.8
simuladas,148,11.257142857142858
simuladas,123,11.457142857142857
simuladas,125,8.285714285714286
simuladas,12,2.742857142857143
simuladas,180,45.44285714285714
simuladas,148,10.8
simuladas,102,6.957142857142857
simuladas,115,10.957142857142857
simuladas,30,4.142857142857143
simuladas,121,18.257142857142856
simuladas,103,7.0
simuladas,126,10.385714285714286
simuladas,190,31.071428571428573
simuladas,135,9.457142857142857
simuladas,124,7.085714285714285
simuladas,132,10.871428571428572
simuladas,32,3.5
simuladas,247,13.571428571428571
simuladas,85,10.528571428571428
pseudoaleatorias,32,32.628571428571426
pseudoaleatorias,48,59.81428571428572
pseudoaleatorias,190,59.65714285714286
pseudoaleatorias,125,61.48571428571429
pseudoaleatorias,120,62.042857142857144
pseudoaleatorias,88,60.642857142857146
pseudoaleatorias,101,52.34285714285714
pseudoaleatorias,62,60.214285714285715
pseudoaleatorias,168,61.51428571428571
pseudoaleatorias,113,61.98571428571429
pseudoaleatorias,115,61.65714285714286
pseudoaleatorias,4,3.1285714285714286
pseudoaleatorias,247,62.857142857142854
pseudoaleatorias,144,61.91428571428571
pseudoaleatorias,214,62.65714285714286
pseudoaleatorias,25,26.257142857142856
pseudoaleatorias,32,19.97142857142857
pseudoaleatorias,235,61.98571428571429
pseudoaleatorias,48,48.6
pseudoaleatorias,124,62.3
pseudoaleatorias,12,22.042857142857144
pseudoaleatorias,126,52.72857142857143
pseudoaleatorias,143,62.214285714285715
pseudoaleatorias,103,61.65714285714286
pseudoaleatorias,3,3.2142857142857144
pseudoaleatorias,6,3.857142857142857
pseudoaleatorias,98,61.67142857142857
pseudoaleatorias,67,61.41428571428571
pseudoaleatorias,190,62.357142857142854
pseudoaleatorias,203,62.785714285714285
pseudoaleatorias,141,62.07142857142857
pseudoaleatorias,119,62.05714285714286
pseudoaleatorias,157,61.2
pseudoaleatorias,63,61.44285714285714
pseudoaleatorias,26,20.557142857142857
pseudoaleatorias,141,61.42857142857143
pseudoaleatorias,38,47.02857142857143
pseudoaleatorias,156,62.07142857142857
pseudoaleatorias,207,61.67142857142857
pseudoaleatorias,93,62.1
pseudoaleatorias,22,32.1
pseudoaleatorias,1,1.5857142857142856
pseudoaleatorias,220,62.91428571428571
pseudoaleatorias,217,61.885714285714286
pseudoaleatorias,147,61.371428571428574
pseudoaleatorias,145,61.75714285714286
pseudoaleatorias,3,3.7285714285714286
pseudoaleatorias,2,2.414285714285714
pseudoaleatorias,129,62.285714285714285
pseudoaleatorias,126,52.2
pseudoaleatorias,112,61.41428571428571
pseudoaleatorias,2,1.5857142857142856
pseudoaleatorias,36,54.07142857142857
pseudoaleatorias,239,62.885714285714286
pseudoaleatorias,116,61.9
pseudoaleatorias,165,61.47142857142857
pseudoaleatorias,51,60.18571428571428
pseudoaleatorias,231,62.01428571428571
pseudoaleatorias,60,59.98571428571429
pseudoaleatorias,87,60.34285714285714
pseudoaleatorias,188,61.714285714285715
pseudoaleatorias,61,59.84285714285714
pseudoaleatorias,122,58.114285714285714
pseudoaleatorias,38,16.942857142857143
pseudoaleatorias,71,60.82857142857143
pseudoaleatorias,132,62.17142857142857
pseudoaleatorias,175,62.214285714285715
pseudoaleatorias,104,61.785714285714285
pseudoaleatorias,174,61.3
pseudoaleatorias,143,62.042857142857144
pseudoaleatorias,223,62.57142857142857
pseudoaleatorias,183,62.72857142857143
pseudoaleatorias,248,62.0
pseudoaleatorias,18,8.17142857142857
pseudoaleatorias,125,61.614285714285714
pseudoaleatorias,22,38.957142857142856
pseudoaleatorias,241,63.2
pseudoaleatorias,65,60.94285714285714
pseudoaleatorias,217,63.48571428571429
pseudoaleatorias,65,58.82857142857143
pseudoaleatorias,212,62.07142857142857
pseudoaleatorias,209,62.98571428571429
pseudoaleatorias,119,61.57142857142857
pseudoaleatorias,171,61.15714285714286
pseudoaleatorias,103,59.0
pseudoaleatorias,171,60.857142857142854
pseudoaleatorias,223,61.9
pseudoaleatorias,199,61.77142857142857
pseudoaleatorias,74,61.48571428571429
pseudoaleatorias,61,61.8
pseudoaleatorias,59,25.414285714285715
pseudoaleatorias,120,61.82857142857143
pseudoaleatorias,226,61.82857142857143
pseudoaleatorias,202,61.75714285714286
pseudoaleatorias,118,61.785714285714285
pseudoaleatorias,217,62.357142857142854
pseudoaleatorias,28,35.92857142857143
pseudoaleatorias,219,62.55714285714286
pseudoaleatorias,4,2.8857142857142857
pseudoaleatorias,38,34.7
pseudoaleatorias,49,49.5
pseudoaleatorias,121,61.82857142857143
pseudoaleatorias,208,62.4
pseudoaleatorias,28,33.74285714285714
pseudoaleatorias,158,62.02857142857143
pseudoaleatorias,91,61.58571428571429
pseudoaleatorias,38,57.41428571428571
pseudoaleatorias,41,55.91428571428571
pseudoaleatorias,7,3.557142857142857
pseudoaleatorias,226,61.67142857142857
pseudoaleatorias,38,56.97142857142857
pseudoaleatorias,50,61.47142857142857
pseudoaleatorias,91,61.642857142857146
pseudoaleatorias,120,54.08571428571429
pseudoaleatorias,10,10.228571428571428
pseudoaleatorias,8,4.828571428571428
pseudoaleatorias,48,41.42857142857143
pseudoaleatorias,82,61.3
pseudoaleatorias,213,62.7
pseudoaleatorias,117,60.32857142857143
pseudoaleatorias,245,62.08571428571429
pseudoaleatorias,13,24.242857142857144
pseudoaleatorias,131,60.82857142857143
pseudoaleatorias,224,62.97142857142857
pseudoaleatorias,77,61.128571428571426
pseudoaleatorias,137,61.32857142857143
pseudoaleatorias,69,39.18571428571428
pseudoaleatorias,247,63.02857142857143
pseudoaleatorias,23,24.8
pseudoaleatorias,220,62.58571428571429
pseudoaleatorias,14,13.571428571428571
pseudoaleatorias,13,22.985714285714284
pseudoaleatorias,180,61.75714285714286
pseudoaleatorias,237,62.51428571428571
pseudoaleatorias,50,54.58571428571429
pseudoaleatorias,102,61.128571428571426
pseudoaleatorias,234,62.75714285714286
pseudoaleatorias,48,40.714285714285715
pseudoaleatorias,171,62.15714285714286
pseudoaleatorias,242,62.22857142857143
pseudoaleatorias,60,61.68571428571428
pseudoaleatorias,242,62.75714285714286
pseudoaleatorias,140,61.857142857142854
pseudoaleatorias,180,61.628571428571426
pseudoaleatorias,8,5.542857142857143
pseudoaleatorias,248,62.114285714285714
pseudoaleatorias,36,51.32857142857143
pseudoaleatorias,167,61.542857142857144
pseudoaleatorias,6,4.414285714285715
pseudoaleatorias,191,61.92857142857143
pseudoaleatorias,226,62.47142857142857
pseudoaleatorias,202,62.871428571428574
pseudoaleatorias,128,61.614285714285714
pseudoaleatorias,83,52.58571428571429
pseudoaleatorias,90,61.72857142857143
pseudoaleatorias,86,50.91428571428571
pseudoaleatorias,122,59.67142857142857
pseudoaleatorias,149,61.72857142857143
pseudoaleatorias,12,28.1
pseudoaleatorias,31,11.128571428571428
pseudoaleatorias,201,62.25714285714286
pseudoaleatorias,78,51.885714285714286
pseudoaleatorias,30,18.7
pseudoaleatorias,97,62.0
pseudoaleatorias,217,63.08571428571429
pseudoaleatorias,27,50.8
pseudoaleatorias,224,62.542857142857144
pseudoaleatorias,32,56.628571428571426
pseudoaleatorias,161,62.07142857142857
pseudoaleatorias,153,62.68571428571428
pseudoaleatorias,104,59.81428571428572
pseudoaleatorias,10,2.6
pseudoaleatorias,197,61.72857142857143
pseudoaleatorias,250,62.9
pseudoaleatorias,15,6.928571428571429
pseudoaleatorias,5,2.3285714285714287
pseudoaleatorias,47,58.357142857142854
pseudoaleatorias,80,55.92857142857143
pseudoaleatorias,135,55.871428571428574
pseudoaleatorias,94,61.614285714285714
pseudoaleatorias,17,33.285714285714285
pseudoaleatorias,185,62.02857142857143
pseudoaleatorias,80,59.51428571428571
pseudoaleatorias,2,1.5857142857142856
pseudoaleatorias,203,61.714285714285715
pseudoaleatorias,213,63.18571428571428
pseudoaleatorias,195,62.75714285714286
pseudoaleatorias,151,61.357142857142854
pseudoaleatorias,237,63.42857142857143
pseudoaleatorias,82,48.72857142857143
pseudoaleatorias,73,61.042857142857144
pseudoaleatorias,228,62.357142857142854
pseudoaleatorias,7,4.3428571428571425
pseudoaleatorias,191,62.48571428571429
pseudoaleatorias,231,62.24285714285714
pseudoaleatorias,43,29.314285714285713
pseudoaleatorias,214,62.18571428571428
pseudoaleatorias,92,61.6
pseudoaleatorias,87,60.785714285714285
pseudoaleatorias,67,59.114285714285714
pseudoaleatorias,132,55.31428571428572
pseudoaleatorias,101,61.642857142857146
pseudoaleatorias,248,62.3
pseudoaleatorias,112,61.55714285714286
pseudoaleatorias,211,63.01428571428571
pseudoaleatorias,120,61.642857142857146
pseudoaleatorias,181,61.128571428571426
pseudoaleatorias,225,63.957142857142856
pseudoaleatorias,91,61.65714285714286
pseudoaleatorias,44,56.32857142857143
pseudoaleatorias,191,62.614285714285714
pseudoaleatorias,226,62.0
pseudoaleatorias,174,62.47142857142857
pseudoaleatorias,114,61.785714285714285
pseudoaleatorias,92,61.98571428571429
pseudoaleatorias,81,60.51428571428571
pseudoaleatorias,35,51.385714285714286
pseudoaleatorias,150,62.02857142857143
pseudoaleatorias,97,60.42857142857143
pseudoaleatorias,126,51.357142857142854
pseudoaleatorias,113,61.357142857142854
pseudoaleatorias,51,49.77142857142857
pseudoaleatorias,15,17.47142857142857
pseudoaleatorias,159,61.55714285714286
pseudoaleatorias,74,61.25714285714286
pseudoaleatorias,138,62.3
pseudoaleatorias,145,61.8
pseudoaleatorias,86,61.97142857142857
pseudoaleatorias,14,10.514285714285714
pseudoaleatorias,120,61.47142857142857
pseudoaleatorias,71,61.91428571428571
pseudoaleatorias,194,61.785714285714285
pseudoaleatorias,4,3.4
pseudoaleatorias,125,61.97142857142857
pseudoaleatorias,187,62.114285714285714
pseudoaleatorias,169,61.74285714285714
pseudoaleatorias,172,61.6
pseudoaleatorias,4,5.057142857142857
pseudoaleatorias,147,61.214285714285715
pseudoaleatorias,150,62.142857142857146
pseudoaleatorias,47,38.642857142857146
pseudoaleatorias,28,10.1
pseudoaleatorias,38,58.7
pseudoaleatorias,232,62.41428571428571
pseudoaleatorias,203,62.67142857142857
pseudoaleatorias,83,60.82857142857143
pseudoaleatorias,132,62.142857142857146
pseudoaleatorias,15,13.542857142857143
pseudoaleatorias,73,61.52857142857143
pseudoaleatorias,241,62.34285714285714
pseudoaleatorias,51,22.585714285714285
pseudoaleatorias,115,60.142857142857146
pseudoaleatorias,174,62.25714285714286
pseudoaleatorias,227,62.142857142857146
pseudoaleatorias,7,3.6857142857142855
pseudoaleatorias,149,60.357142857142854
pseudoaleatorias,56,31.485714285714284
pseudoaleatorias,212,62.51428571428571
pseudoaleatorias,93,61.42857142857143
pseudoaleatorias,121,61.55714285714286
pseudoaleatorias,79,61.08571428571429
pseudoaleatorias,105,59.642857142857146
pseudoaleatorias,47,61.0
pseudoaleatorias,143,61.02857142857143
pseudoaleatorias,217,62.67142857142857
pseudoaleatorias,132,61.614285714285714
pseudoaleatorias,18,17.085714285714285
pseudoaleatorias,74,60.957142857142856
pseudoaleatorias,53,24.12857142857143
pseudoaleatorias,128,59.42857142857143
pseudoaleatorias,202,62.91428571428571
pseudoaleatorias,236,62.41428571428571
pseudoaleatorias,233,63.214285714285715
pseudoaleatorias,181,61.457142857142856
pseudoaleatorias,41,30.4
pseudoaleatorias,5,2.1857142857142855
pseudoaleatorias,165,61.857142857142854
pseudoaleatorias,210,61.885714285714286
pseudoaleatorias,69,60.97142857142857
pseudoaleatorias,221,61.885714285714286
pseudoaleatorias,54,60.74285714285714
pseudoaleatorias,137,54.885714285714286
pseudoaleatorias,115,60.18571428571428
pseudoaleatorias,168,58.27142857142857
pseudoaleatorias,72,61.68571428571428
pseudoaleatorias,213,62.128571428571426
pseudoaleatorias,119,55.41428571428571
pseudoaleatorias,53,31.7
pseudoaleatorias,41,13.642857142857142
pseudoaleatorias,246,63.68571428571428
pseudoaleatorias,56,61.27142857142857
pseudoaleatorias,76,61.01428571428571
pseudoaleatorias,228,62.48571428571429
pseudoaleatorias,6,5.228571428571429
pseudoaleatorias,136,61.714285714285715
pseudoaleatorias,36,29.857142857142858
pseudoaleatorias,153,62.32857142857143
pseudoaleatorias,143,57.67142857142857
pseudoaleatorias,23,22.314285714285713
pseudoaleatorias,94,61.371428571428574
pseudoaleatorias,26,34.371428571428574
pseudoaleatorias,8,8.514285714285714
pseudoaleatorias,41,39.18571428571428
pseudoaleatorias,130,61.31428571428572
pseudoaleatorias,84,61.457142857142856
pseudoaleatorias,100,61.957142857142856
pseudoaleatorias,186,62.18571428571428
pseudoaleatorias,206,63.142857142857146
pseudoaleatorias,58,59.714285714285715
pseudoaleatorias,94,61.285714285714285
pseudoaleatorias,111,61.81428571428572
pseudoaleatorias,143,61.41428571428571
pseudoaleatorias,212,62.02857142857143
pseudoaleatorias,17,4.8428571428571425
pseudoaleatorias,195,61.98571428571429
pseudoaleatorias,96,61.285714285714285
pseudoaleatorias,47,32.885714285714286
pseudoaleatorias,131,56.58571428571429
pseudoaleatorias,238,62.27142857142857
pseudoaleatorias,156,61.81428571428572
pseudoaleatorias,48,60.84285714285714
pseudoaleatorias,72,47.614285714285714
pseudoaleatorias,234,63.2
pseudoaleatorias,224,62.41428571428571
pseudoaleatorias,131,62.17142857142857
pseudoaleatorias,39,43.457142857142856
pseudoaleatorias,188,62.457142857142856
pseudoaleatorias,23,51.91428571428571
pseudoaleatorias,87,62.0
pseudoaleatorias,121,55.25714285714286
pseudoaleatorias,7,2.6142857142857143
pseudoaleatorias,212,61.97142857142857
pseudoaleatorias,102,61.214285714285715
pseudoaleatorias,59,58.81428571428572
pseudoaleatorias,208,62.7
pseudoaleatorias,74,60.91428571428571
pseudoaleatorias,221,62.51428571428571
pseudoaleatorias,69,29.142857142857142
pseudoaleatorias,23,43.27142857142857
pseudoaleatorias,180,61.542857142857144
pseudoaleatorias,70,55.457142857142856
pseudoaleatorias,209,62.97142857142857
pseudoaleatorias,233,63.82857142857143
pseudoaleatorias,101,60.957142857142856
pseudoaleatorias,102,61.31428571428572
pseudoaleatorias,202,63.02857142857143
pseudoaleatorias,128,61.94285714285714
pseudoaleatorias,117,59.214285714285715
pseudoaleatorias,125,61.31428571428572
pseudoaleatorias,30,52.871428571428574
pseudoaleatorias,17,28.914285714285715
pseudoaleatorias,234,63.92857142857143
pseudoaleatorias,171,58.94285714285714
pseudoaleatorias,249,62.9
pseudoaleatorias,79,60.5
pseudoaleatorias,23,14.814285714285715
pseudoaleatorias,79,60.08571428571429
pseudoaleatorias,61,61.642857142857146
pseudoaleatorias,53,61.55714285714286
pseudoaleatorias,140,61.48571428571429
pseudoaleatorias,110,62.0
pseudoaleatorias,116,60.6
pseudoaleatorias,249,62.128571428571426
pseudoaleatorias,107,61.642857142857146
pseudoaleatorias,68,61.32857142857143
pseudoaleatorias,139,61.84285714285714
pseudoaleatorias,6,2.5428571428571427
pseudoaleatorias,62,61.2
pseudoaleatorias,122,61.27142857142857
pseudoaleatorias,147,54.614285714285714
pseudoaleatorias,105,45.642857142857146
pseudoaleatorias,44,58.94285714285714
pseudoaleatorias,248,63.542857142857144
pseudoaleatorias,45,58.51428571428571
pseudoaleatorias,235,61.98571428571429
pseudoaleatorias,7,2.4
pseudoaleatorias,167,61.91428571428571
pseudoaleatorias,159,58.142857142857146
pseudoaleatorias,48,57.94285714285714
pseudoaleatorias,206,63.44285714285714
pseudoaleatorias,228,62.25714285714286
pseudoaleatorias,61,61.24285714285714
pseudoaleatorias,125,61.67142857142857
pseudoaleatorias,231,62.8
pseudoaleatorias,232,63.357142857142854
pseudoaleatorias,82,51.44285714285714
pseudoaleatorias,47,51.47142857142857
pseudoaleatorias,64,61.84285714285714
pseudoaleatorias,46,61.214285714285715
pseudoaleatorias,184,61.857142857142854
pseudoaleatorias,19,34.114285714285714
pseudoaleatorias,246,62.22857142857143
pseudoaleatorias,51,47.128571428571426
pseudoaleatorias,246,63.142857142857146
pseudoaleatorias,118,55.628571428571426
pseudoaleatorias,105,62.114285714285714
pseudoaleatorias,154,61.4
pseudoaleatorias,174,62.27142857142857
pseudoaleatorias,154,61.75714285714286
pseudoaleatorias,168,59.34285714285714
pseudoaleatorias,24,21.285714285714285
pseudoaleatorias,6,4.7
pseudoaleatorias,123,57.67142857142857
pseudoaleatorias,69,61.24285714285714
pseudoaleatorias,94,60.98571428571429
pseudoaleatorias,61,54.91428571428571
pseudoaleatorias,219,62.42857142857143
pseudoaleatorias,50,58.642857142857146
pseudoaleatorias,229,61.98571428571429
pseudoaleatorias,245,63.15714285714286
pseudoaleatorias,128,61.82857142857143
pseudoaleatorias,163,61.9
pseudoaleatorias,162,60.02857142857143
pseudoaleatorias,176,60.32857142857143
pseudoaleatorias,5,3.6
pseudoaleatorias,5,4.585714285714285
pseudoaleatorias,130,61.01428571428571
pseudoaleatorias,128,61.871428571428574
pseudoaleatorias,211,61.628571428571426
pseudoaleatorias,206,62.92857142857143
pseudoaleatorias,183,61.84285714285714
pseudoaleatorias,37,56.285714285714285
pseudoaleatorias,189,62.371428571428574
pseudoaleatorias,6,5.071428571428571
pseudoaleatorias,118,61.22857142857143
pseudoaleatorias,42,59.8
pseudoaleatorias,215,62.3
pseudoaleatorias,40,45.714285714285715
pseudoaleatorias,109,61.74285714285714
pseudoaleatorias,102,61.857142857142854
pseudoaleatorias,160,61.68571428571428
pseudoaleatorias,11,4.671428571428572
pseudoaleatorias,82,57.74285714285714
pseudoaleatorias,5,2.2857142857142856
pseudoaleatorias,52,59.72857142857143
pseudoaleatorias,20,7.714285714285714
pseudoaleatorias,194,61.91428571428571
pseudoaleatorias,29,48.55714285714286
pseudoaleatorias,71,61.57142857142857
pseudoaleatorias,81,61.68571428571428
pseudoaleatorias,16,8.085714285714285
pseudoaleatorias,95,57.08571428571429
pseudoaleatorias,91,56.714285714285715
pseudoaleatorias,93,59.8
pseudoaleatorias,42,55.15714285714286
pseudoaleatorias,246,63.114285714285714
pseudoaleatorias,4,1.5857142857142856
pseudoaleatorias,198,62.57142857142857
pseudoaleatorias,193,61.65714285714286
pseudoaleatorias,76,54.871428571428574
pseudoaleatorias,11,5.128571428571429
pseudoaleatorias,179,61.8
pseudoaleatorias,205,62.72857142857143
pseudoaleatorias,211,62.07142857142857
pseudoaleatorias,76,56.371428571428574
pseudoaleatorias,29,53.98571428571429
pseudoaleatorias,136,62.07142857142857
pseudoaleatorias,52,60.9
pseudoaleatorias,191,62.3
pseudoaleatorias,108,61.55714285714286
pseudoaleatorias,44,36.8
pseudoaleatorias,178,62.1
pseudoaleatorias,193,62.27142857142857
pseudoaleatorias,58,52.5
pseudoaleatorias,151,60.98571428571429
pseudoaleatorias,95,61.214285714285715
pseudoaleatorias,27,43.32857142857143
pseudoaleatorias,69,61.17142857142857
pseudoaleatorias,203,62.042857142857144
pseudoaleatorias,138,56.98571428571429
pseudoaleatorias,100,60.25714285714286
pseudoaleatorias,9,7.642857142857143
pseudoaleatorias,249,63.628571428571426
pseudoaleatorias,66,54.628571428571426
pseudoaleatorias,209,63.05714285714286
pseudoaleatorias,244,63.214285714285715
pseudoaleatorias,180,62.34285714285714
pseudoaleatorias,41,48.01428571428571
pseudoaleatorias,86,61.01428571428571
pseudoaleatorias,163,62.25714285714286
pseudoaleatorias,167,62.48571428571429
pseudoaleatorias,36,52.58571428571429
pseudoaleatorias,105,60.15714285714286
pseudoaleatorias,246,63.32857142857143
pseudoaleatorias,212,62.885714285714286
pseudoaleatorias,243,63.857142857142854
pseudoaleatorias,179,61.714285714285715
pseudoaleatorias,125,61.31428571428572
pseudoaleatorias,9,3.9714285714285715
pseudoaleatorias,77,60.57142857142857
pseudoaleatorias,105,48.871428571428574
pseudoaleatorias,49,32.457142857142856
pseudoaleatorias,56,61.52857142857143
pseudoaleatorias,221,61.84285714285714
pseudoaleatorias,242,62.7
pseudoaleatorias,81,46.52857142857143
pseudoaleatorias,114,61.65714285714286
pseudoaleatorias,17,34.142857142857146
pseudoaleatorias,129,61.77142857142857
pseudoaleatorias,224,62.27142857142857
pseudoaleatorias,23,31.47142857142857
pseudoaleatorias,250,63.74285714285714
pseudoaleatorias,128,62.371428571428574
pseudoaleatorias,141,62.02857142857143
pseudoaleatorias,103,61.07142857142857
pseudoaleatorias,191,62.57142857142857
pseudoaleatorias,68,61.81428571428572
pseudoaleatorias,1,1.5857142857142856
pseudoaleatorias,114,59.58571428571429
pseudoaleatorias,153,61.614285714285714
pseudoaleatorias,97,40.3
pseudoaleatorias,102,61.542857142857144
pseudoaleatorias,53,61.67142857142857
pseudoaleatorias,108,45.7
pseudoaleatorias,94,54.51428571428571
pseudoaleatorias,125,58.6
pseudoaleatorias,226,62.08571428571429
pseudoaleatorias,178,62.25714285714286
pseudoaleatorias,89,61.68571428571428
pseudoaleatorias,240,62.4
pseudoaleatorias,193,63.01428571428571
pseudoaleatorias,28,41.42857142857143
pseudoaleatorias,206,62.385714285714286
pseudoaleatorias,243,62.18571428571428
pseudoaleatorias,206,62.5
pseudoaleatorias,238,62.68571428571428
pseudoaleatorias,16,8.7
pseudoaleatorias,102,40.97142857142857
pseudoaleatorias,175,62.34285714285714
pseudoaleatorias,149,62.27142857142857
pseudoaleatorias,31,46.68571428571428
pseudoaleatorias,185,61.957142857142856
pseudoaleatorias,146,62.1
pseudoaleatorias,154,55.957142857142856
pseudoaleatorias,122,56.128571428571426
pseudoaleatorias,82,61.357142857142854
pseudoaleatorias,29,40.17142857142857
pseudoaleatorias,234,62.05714285714286
pseudoaleatorias,160,61.58571428571429
pseudoaleatorias,70,60.785714285714285
pseudoaleatorias,112,62.042857142857144
pseudoaleatorias,55,45.72857142857143
pseudoaleatorias,137,62.27142857142857
pseudoaleatorias,206,62.31428571428572
pseudoaleatorias,228,61.97142857142857
pseudoaleatorias,166,62.357142857142854
pseudoaleatorias,62,49.128571428571426
pseudoaleatorias,240,62.32857142857143
pseudoaleatorias,151,61.52857142857143
pseudoaleatorias,122,61.25714285714286
pseudoaleatorias,198,63.15714285714286
pseudoaleatorias,138,53.91428571428571
pseudoaleatorias,164,61.871428571428574
pseudoaleatorias,12,6.728571428571429
pseudoaleatorias,2,2.2
pseudoaleatorias,149,61.857142857142854
pseudoaleatorias,227,62.77142857142857
pseudoaleatorias,109,58.3
pseudoaleatorias,204,62.01428571428571
pseudoaleatorias,13,5.714285714285714
pseudoaleatorias,77,61.74285714285714
pseudoaleatorias,189,62.628571428571426
pseudoaleatorias,157,62.0
pseudoaleatorias,139,61.57142857142857
pseudoaleatorias,151,54.98571428571429
pseudoaleatorias,135,61.27142857142857
pseudoaleatorias,125,61.82857142857143
pseudoaleatorias,125,61.74285714285714
pseudoaleatorias,69,51.77142857142857
pseudoaleatorias,173,61.34285714285714
pseudoaleatorias,241,62.05714285714286
pseudoaleatorias,163,61.58571428571429
pseudoaleatorias,171,60.72857142857143
pseudoaleatorias,228,61.84285714285714
pseudoaleatorias,99,61.27142857142857
pseudoaleatorias,225,61.714285714285715
pseudoaleatorias,212,62.128571428571426
pseudoaleatorias,24,12.5
pseudoaleatorias,14,3.6
pseudoaleatorias,179,61.58571428571429
pseudoaleatorias,241,63.4
pseudoaleatorias,192,61.92857142857143
pseudoaleatorias,250,63.55714285714286
pseudoaleatorias,49,37.25714285714286
pseudoaleatorias,203,62.142857142857146
pseudoaleatorias,193,62.457142857142856
pseudoaleatorias,74,54.8
pseudoaleatorias,159,62.214285714285715
pseudoaleatorias,10,5.542857142857143
pseudoaleatorias,107,48.4
pseudoaleatorias,96,59.9
pseudoaleatorias,196,62.6
pseudoaleatorias,100,48.84285714285714
pseudoaleatorias,116,61.285714285714285
pseudoaleatorias,166,57.94285714285714
pseudoaleatorias,80,56.34285714285714
pseudoaleatorias,23,26.857142857142858
pseudoaleatorias,123,62.18571428571428
pseudoaleatorias,181,61.457142857142856
pseudoaleatorias,69,61.4
pseudoaleatorias,148,61.47142857142857
pseudoaleatorias,48,61.81428571428572
pseudoaleatorias,81,62.042857142857144
pseudoaleatorias,166,61.8
pseudoaleatorias,67,40.82857142857143
pseudoaleatorias,63,56.47142857142857
pseudoaleatorias,245,63.01428571428571
pseudoaleatorias,15,7.457142857142857
pseudoaleatorias,110,58.871428571428574
pseudoaleatorias,247,62.4
pseudoaleatorias,92,61.67142857142857
pseudoaleatorias,25,48.857142857142854
pseudoaleatorias,42,16.742857142857144
pseudoaleatorias,68,61.32857142857143
pseudoaleatorias,157,61.84285714285714
pseudoaleatorias,127,62.214285714285715
pseudoaleatorias,86,61.05714285714286
pseudoaleatorias,180,61.94285714285714
pseudoaleatorias,88,61.24285714285714
pseudoaleatorias,77,45.357142857142854
pseudoaleatorias,224,62.1
pseudoaleatorias,85,61.25714285714286
pseudoaleatorias,233,62.357142857142854
pseudoaleatorias,218,61.74285714285714
pseudoaleatorias,226,63.7
pseudoaleatorias,80,61.885714285714286
pseudoaleatorias,228,62.94285714285714
pseudoaleatorias,205,63.58571428571429
pseudoaleatorias,44,57.05714285714286
pseudoaleatorias,187,61.92857142857143
pseudoaleatorias,125,57.614285714285714
pseudoaleatorias,25,7.814285714285714
pseudoaleatorias,119,59.885714285714286
pseudoaleatorias,132,61.642857142857146
pseudoaleatorias,226,62.614285714285714
pseudoaleatorias,104,61.214285714285715
pseudoaleatorias,63,60.42857142857143
pseudoaleatorias,61,61.02857142857143
pseudoaleatorias,25,41.74285714285714
pseudoaleatorias,6,8.17142857142857
pseudoaleatorias,146,61.98571428571429
pseudoaleatorias,247,62.07142857142857
pseudoaleatorias,46,58.75714285714286
pseudoaleatorias,115,62.0
pseudoaleatorias,116,54.42857142857143
pseudoaleatorias,48,44.885714285714286
pseudoaleatorias,147,56.7
pseudoaleatorias,172,62.042857142857144
pseudoaleatorias,143,62.22857142857143
pseudoaleatorias,248,61.97142857142857
pseudoaleatorias,25,33.15714285714286
pseudoaleatorias,195,61.97142857142857
pseudoaleatorias,114,61.55714285714286
pseudoaleatorias,211,61.9
pseudoaleatorias,64,47.31428571428572
pseudoaleatorias,171,62.57142857142857
pseudoaleatorias,25,15.257142857142858
pseudoaleatorias,62,48.48571428571429
pseudoaleatorias,160,60.05714285714286
pseudoaleatorias,87,61.02857142857143
pseudoaleatorias,160,61.357142857142854
pseudoaleatorias,229,62.9
pseudoaleatorias,140,54.114285714285714
pseudoaleatorias,152,61.371428571428574
pseudoaleatorias,182,61.857142857142854
pseudoaleatorias,161,62.25714285714286
pseudoaleatorias,214,62.0
pseudoaleatorias,22,44.5
pseudoaleatorias,64,61.65714285714286
pseudoaleatorias,80,61.857142857142854
pseudoaleatorias,29,50.542857142857144
pseudoaleatorias,111,61.885714285714286
pseudoaleatorias,3,3.057142857142857
pseudoaleatorias,79,61.0
pseudoaleatorias,211,63.08571428571429
pseudoaleatorias,130,61.75714285714286
pseudoaleatorias,186,61.714285714285715
pseudoaleatorias,110,62.042857142857144
pseudoaleatorias,214,63.05714285714286
pseudoaleatorias,166,61.42857142857143
pseudoaleatorias,234,63.32857142857143
pseudoaleatorias,167,60.114285714285714
pseudoaleatorias,206,62.24285714285714
pseudoaleatorias,179,61.7
pseudoaleatorias,57,57.31428571428572
pseudoaleatorias,4,4.457142857142857
pseudoaleatorias,238,62.885714285714286
pseudoaleatorias,81,43.51428571428571
pseudoaleatorias,178,62.25714285714286
pseudoaleatorias,120,57.98571428571429
pseudoaleatorias,67,61.72857142857143
pseudoaleatorias,235,62.58571428571429
pseudoaleatorias,15,27.542857142857144
pseudoaleatorias,135,57.47142857142857
pseudoaleatorias,231,62.72857142857143
pseudoaleatorias,168,62.32857142857143
pseudoaleatorias,216,62.357142857142854
pseudoaleatorias,240,63.07142857142857
pseudoaleatorias,144,61.41428571428571
pseudoaleatorias,49,59.74285714285714
pseudoaleatorias,14,13.885714285714286
pseudoaleatorias,96,61.68571428571428
pseudoaleatorias,83,61.58571428571429
pseudoaleatorias,175,58.55714285714286
pseudoaleatorias,183,62.857142857142854
pseudoaleatorias,194,60.0
pseudoaleatorias,35,13.585714285714285
pseudoaleatorias,184,62.92857142857143
pseudoaleatorias,37,50.81428571428572
pseudoaleatorias,50,61.4
pseudoaleatorias,58,61.214285714285715
pseudoaleatorias,150,61.4
pseudoaleatorias,64,61.08571428571429
pseudoaleatorias,140,61.42857142857143
pseudoaleatorias,41,54.67142857142857
pseudoaleatorias,77,61.74285714285714
pseudoaleatorias,131,53.77142857142857
pseudoaleatorias,63,60.7
pseudoaleatorias,57,41.628571428571426
pseudoaleatorias,203,62.82857142857143
pseudoaleatorias,23,33.628571428571426
pseudoaleatorias,215,62.2
pseudoaleatorias,11,3.3142857142857145
pseudoaleatorias,72,60.4
pseudoaleatorias,134,59.5
pseudoaleatorias,185,62.08571428571429
pseudoaleatorias,212,61.957142857142856
pseudoaleatorias,66,57.82857142857143
pseudoaleatorias,32,15.5
pseudoaleatorias,241,63.0
pseudoaleatorias,250,63.714285714285715
pseudoaleatorias,175,62.27142857142857
pseudoaleatorias,208,61.785714285714285
pseudoaleatorias,17,7.0
pseudoaleatorias,12,2.914285714285714
pseudoaleatorias,190,61.7
pseudoaleatorias,146,60.02857142857143
pseudoaleatorias,248,61.957142857142856
pseudoaleatorias,30,55.01428571428571
pseudoaleatorias,166,61.31428571428572
pseudoaleatorias,245,62.042857142857144
pseudoaleatorias,20,6.0
pseudoaleatorias,7,8.342857142857143
pseudoaleatorias,34,37.614285714285714
pseudoaleatorias,178,61.98571428571429
pseudoaleatorias,40,12.442857142857143
pseudoaleatorias,118,43.7
pseudoaleatorias,216,61.47142857142857
pseudoaleatorias,66,61.44285714285714
pseudoaleatorias,44,61.92857142857143
pseudoaleatorias,56,61.51428571428571
pseudoaleatorias,84,61.785714285714285
pseudoaleatorias,226,62.22857142857143
pseudoaleatorias,112,61.41428571428571
pseudoaleatorias,181,62.42857142857143
pseudoaleatorias,120,45.642857142857146
pseudoaleatorias,115,61.642857142857146
pseudoaleatorias,34,34.214285714285715
pseudoaleatorias,18,28.385714285714286
pseudoaleatorias,189,62.128571428571426
pseudoaleatorias,47,54.17142857142857
pseudoaleatorias,233,62.7
pseudoaleatorias,4,5.642857142857143
pseudoaleatorias,184,61.74285714285714
pseudoaleatorias,163,61.614285714285714
pseudoaleatorias,112,57.74285714285714
pseudoaleatorias,36,37.07142857142857
pseudoaleatorias,121,61.4
pseudoaleatorias,70,61.97142857142857
pseudoaleatorias,175,62.357142857142854
pseudoaleatorias,35,45.042857142857144
pseudoaleatorias,98,60.285714285714285
pseudoaleatorias,48,61.08571428571429
pseudoaleatorias,170,62.75714285714286
pseudoaleatorias,145,61.8
pseudoaleatorias,6,8.885714285714286
pseudoaleatorias,235,63.0
pseudoaleatorias,110,61.74285714285714
pseudoaleatorias,17,22.557142857142857
pseudoaleatorias,13,6.414285714285715
pseudoaleatorias,234,62.51428571428571
pseudoaleatorias,23,38.47142857142857
pseudoaleatorias,180,62.214285714285715
pseudoaleatorias,197,62.55714285714286
pseudoaleatorias,125,60.4
pseudoaleatorias,146,60.642857142857146
pseudoaleatorias,101,61.285714285714285
pseudoaleatorias,125,58.9
pseudoaleatorias,138,62.285714285714285
pseudoaleatorias,84,58.371428571428574
pseudoaleatorias,236,62.57142857142857
pseudoaleatorias,159,61.614285714285714
pseudoaleatorias,66,61.65714285714286
pseudoaleatorias,238,61.957142857142856
pseudoaleatorias,25,54.6
pseudoaleatorias,2,1.5857142857142856
pseudoaleatorias,66,61.42857142857143
pseudoaleatorias,163,61.642857142857146
pseudoaleatorias,48,60.22857142857143
pseudoaleatorias,167,61.55714285714286
pseudoaleatorias,22,19.542857142857144
pseudoaleatorias,170,61.48571428571429
pseudoaleatorias,6,1.7571428571428571
pseudoaleatorias,88,61.285714285714285
pseudoaleatorias,115,62.1
pseudoaleatorias,103,61.542857142857144
pseudoaleatorias,127,56.285714285714285
pseudoaleatorias,117,61.25714285714286
pseudoaleatorias,155,61.34285714285714
pseudoaleatorias,68,32.628571428571426
pseudoaleatorias,135,55.714285714285715
pseudoaleatorias,5,5.814285714285714
pseudoaleatorias,158,61.77142857142857
pseudoaleatorias,25,40.614285714285714
pseudoaleatorias,209,62.642857142857146
pseudoaleatorias,218,62.542857142857144
pseudoaleatorias,73,52.6
pseudoaleatorias,113,61.91428571428571
pseudoaleatorias,175,61.642857142857146
pseudoaleatorias,117,55.82857142857143
pseudoaleatorias,211,62.41428571428571
pseudoaleatorias,202,62.05714285714286
pseudoaleatorias,49,55.5
pseudoaleatorias,244,62.042857142857144
pseudoaleatorias,90,54.92857142857143
pseudoaleatorias,186,62.714285714285715
pseudoaleatorias,105,61.94285714285714
pseudoaleatorias,28,49.18571428571428
pseudoaleatorias,108,59.91428571428571
pseudoaleatorias,38,41.08571428571429
pseudoaleatorias,184,62.58571428571429
pseudoaleatorias,49,54.41428571428571
pseudoaleatorias,17,15.7
pseudoaleatorias,152,62.41428571428571
pseudoaleatorias,131,61.75714285714286
pseudoaleatorias,136,62.214285714285715
pseudoaleatorias,159,62.1
pseudoaleatorias,6,9.114285714285714
pseudoaleatorias,222,62.2
pseudoaleatorias,48,49.02857142857143
pseudoaleatorias,67,37.7
pseudoaleatorias,3,2.4285714285714284
pseudoaleatorias,233,62.74285714285714
pseudoaleatorias,210,63.24285714285714
pseudoaleatorias,133,62.285714285714285
pseudoaleatorias,49,24.257142857142856
pseudoaleatorias,155,62.2
pseudoaleatorias,198,62.01428571428571
pseudoaleatorias,38,57.51428571428571
pseudoaleatorias,42,59.98571428571429
pseudoaleatorias,211,62.1
pseudoaleatorias,106,61.81428571428572
pseudoaleatorias,37,12.771428571428572
pseudoaleatorias,48,58.0
pseudoaleatorias,140,61.97142857142857
pseudoaleatorias,225,62.77142857142857
pseudoaleatorias,221,62.44285714285714
pseudoaleatorias,165,61.714285714285715
pseudoaleatorias,77,48.91428571428571
pseudoaleatorias,221,60.41428571428571
pseudoaleatorias,121,60.24285714285714
pseudoaleatorias,230,63.4
pseudoaleatorias,105,62.114285714285714
pseudoaleatorias,218,62.91428571428571
pseudoaleatorias,5,3.2714285714285714
pseudoaleatorias,151,61.5
pseudoaleatorias,35,24.785714285714285
pseudoaleatorias,107,61.3
pseudoaleatorias,135,61.84285714285714
pseudoaleatorias,39,61.58571428571429
pseudoaleatorias,148,62.15714285714286
pseudoaleatorias,60,28.67142857142857
pseudoaleatorias,178,62.4
pseudoaleatorias,159,61.357142857142854
pseudoaleatorias,213,62.18571428571428
pseudoaleatorias,243,63.02857142857143
pseudoaleatorias,47,48.371428571428574
pseudoaleatorias,175,59.1
pseudoaleatorias,95,60.65714285714286
pseudoaleatorias,48,46.871428571428574
pseudoaleatorias,107,61.8
pseudoaleatorias,163,61.8
pseudoaleatorias,69,61.142857142857146
pseudoaleatorias,179,61.82857142857143
pseudoaleatorias,153,62.05714285714286
pseudoaleatorias,76,51.114285714285714
pseudoaleatorias,93,61.72857142857143
pseudoaleatorias,2,1.5857142857142856
pseudoaleatorias,146,61.41428571428571
pseudoaleatorias,26,35.357142857142854
pseudoaleatorias,127,59.52857142857143
pseudoaleatorias,201,62.91428571428571
pseudoaleatorias,123,50.52857142857143
pseudoaleatorias,234,63.457142857142856
pseudoaleatorias,168,62.01428571428571
pseudoaleatorias,136,61.9
pseudoaleatorias,198,62.3
pseudoaleatorias,94,44.457142857142856
pseudoaleatorias,100,61.55714285714286
pseudoaleatorias,41,27.585714285714285
pseudoaleatorias,109,62.0
pseudoaleatorias,91,61.47142857142857
pseudoaleatorias,166,60.58571428571429
pseudoaleatorias,50,60.32857142857143
pseudoaleatorias,28,34.25714285714286
pseudoaleatorias,15,13.314285714285715
pseudoaleatorias,58,61.55714285714286
pseudoaleatorias,141,59.84285714285714
pseudoaleatorias,4,1.5857142857142856
pseudoaleatorias,122,61.72857142857143
pseudoaleatorias,142,62.07142857142857
pseudoaleatorias,231,63.02857142857143
pseudoaleatorias,8,3.9571428571428573
pseudoaleatorias,168,62.18571428571428
pseudoaleatorias,38,56.17142857142857
pseudoaleatorias,68,61.457142857142856
pseudoaleatorias,55,56.128571428571426
pseudoaleatorias,63,59.4
pseudoaleatorias,220,62.02857142857143
pseudoaleatorias,107,62.02857142857143
pseudoaleatorias,83,61.357142857142854
pseudoaleatorias,124,60.51428571428571
pseudoaleatorias,70,61.17142857142857
pseudoaleatorias,130,59.142857142857146
pseudoaleatorias,169,61.9
pseudoaleatorias,190,62.18571428571428
pseudoaleatorias,211,63.41428571428571
pseudoaleatorias,182,62.357142857142854
pseudoaleatorias,246,62.25714285714286
pseudoaleatorias,224,62.91428571428571
pseudoaleatorias,154,62.4
pseudoaleatorias,238,62.02857142857143
pseudoaleatorias,140,62.31428571428572
pseudoaleatorias,72,42.74285714285714
pseudoaleatorias,237,62.47142857142857
pseudoaleatorias,106,61.142857142857146
pseudoaleatorias,248,63.15714285714286
pseudoaleatorias,19,12.557142857142857
pseudoaleatorias,225,63.0
pseudoaleatorias,185,62.47142857142857
pseudoaleatorias,52,59.68571428571428
pseudoaleatorias,38,15.485714285714286
pseudoaleatorias,205,62.2
pseudoaleatorias,4,2.4571428571428573
pseudoaleatorias,141,60.84285714285714
pseudoaleatorias,199,62.27142857142857
pseudoaleatorias,135,61.52857142857143
pseudoaleatorias,221,62.55714285714286
pseudoaleatorias,113,60.957142857142856
pseudoaleatorias,143,61.72857142857143
pseudoaleatorias,179,62.042857142857144
pseudoaleatorias,68,60.8
pseudoaleatorias,96,62.05714285714286
pseudoaleatorias,229,63.0
pseudoaleatorias,93,58.9
pseudoaleatorias,34,53.34285714285714
pseudoaleatorias,81,61.57142857142857
pseudoaleatorias,78,42.18571428571428
pseudoaleatorias,177,62.92857142857143
pseudoaleatorias,239,61.871428571428574
pseudoaleatorias,110,61.08571428571429
pseudoaleatorias,53,61.57142857142857
pseudoaleatorias,52,41.785714285714285
pseudoaleatorias,26,25.65714285714286
pseudoaleatorias,106,61.51428571428571
pseudoaleatorias,58,44.67142857142857
pseudoaleatorias,218,62.48571428571429
pseudoaleatorias,200,62.58571428571429
pseudoaleatorias,187,61.91428571428571
pseudoaleatorias,99,61.128571428571426
pseudoaleatorias,23,25.02857142857143
pseudoaleatorias,108,61.871428571428574
pseudoaleatorias,190,62.94285714285714
pseudoaleatorias,209,61.885714285714286
pseudoaleatorias,133,60.457142857142856
pseudoaleatorias,38,57.9
pseudoaleatorias,68,61.4
pseudoaleatorias,121,62.02857142857143
pseudoaleatorias,67,58.3
pseudoaleatorias,65,61.3
pseudoaleatorias,88,53.885714285714286
pseudoaleatorias,148,61.357142857142854
pseudoaleatorias,123,60.3
pseudoaleatorias,125,55.48571428571429
pseudoaleatorias,12,8.757142857142858
pseudoaleatorias,180,62.142857142857146
pseudoaleatorias,148,61.41428571428571
pseudoaleatorias,102,60.55714285714286
pseudoaleatorias,115,61.357142857142854
pseudoaleatorias,30,56.67142857142857
pseudoaleatorias,121,62.01428571428571
pseudoaleatorias,103,61.84285714285714
pseudoaleatorias,126,60.91428571428571
pseudoaleatorias,190,62.8
pseudoaleatorias,135,61.9
pseudoaleatorias,124,61.48571428571429
pseudoaleatorias,132,49.51428571428571
pseudoaleatorias,32,21.928571428571427
pseudoaleatorias,247,62.714285714285715
pseudoaleatorias,85,61.92857142857143
aleatorias,32,12.871428571428572
aleatorias,48,24.557142857142857
aleatorias,190,60.857142857142854
aleatorias,125,58.92857142857143
aleatorias,120,55.214285714285715
aleatorias,88,51.58571428571429
aleatorias,101,45.8
aleatorias,62,45.885714285714286
aleatorias,168,61.642857142857146
aleatorias,113,60.75714285714286
aleatorias,115,58.22857142857143
aleatorias,4,3.4857142857142858
aleatorias,232,63.77142857142857
aleatorias,144,60.74285714285714
aleatorias,214,62.84285714285714
aleatorias,25,22.785714285714285
aleatorias,32,18.571428571428573
aleatorias,232,63.77142857142857
aleatorias,48,29.17142857142857
aleatorias,124,55.41428571428571
aleatorias,12,12.885714285714286
aleatorias,126,62.128571428571426
aleatorias,143,61.6
aleatorias,103,57.18571428571428
aleatorias,3,1.9
aleatorias,6,2.0
aleatorias,98,55.44285714285714
aleatorias,67,46.957142857142856
aleatorias,190,63.042857142857144
aleatorias,203,63.68571428571428
aleatorias,141,59.1
aleatorias,119,51.285714285714285
aleatorias,157,61.17142857142857
aleatorias,63,38.128571428571426
aleatorias,26,11.1
aleatorias,141,62.01428571428571
aleatorias,38,13.0
aleatorias,156,60.94285714285714
aleatorias,207,62.94285714285714
aleatorias,93,50.65714285714286
aleatorias,22,17.3
aleatorias,1,1.5
aleatorias,219,63.58571428571429
aleatorias,214,62.84285714285714
aleatorias,147,62.114285714285714
aleatorias,145,63.34285714285714
aleatorias,3,1.7142857142857142
aleatorias,2,1.7714285714285714
aleatorias,129,60.94285714285714
aleatorias,126,51.68571428571428
aleatorias,112,54.18571428571428
aleatorias,2,1.9428571428571428
aleatorias,36,38.128571428571426
aleatorias,232,63.77142857142857
aleatorias,116,59.57142857142857
aleatorias,165,62.5
aleatorias,51,23.742857142857144
aleatorias,231,63.01428571428571
aleatorias,60,33.07142857142857
aleatorias,87,53.6
aleatorias,188,62.142857142857146
aleatorias,61,37.01428571428571
aleatorias,122,58.31428571428572
aleatorias,38,18.65714285714286
aleatorias,71,27.985714285714284
aleatorias,132,55.7
aleatorias,175,62.714285714285715
aleatorias,104,51.58571428571429
aleatorias,174,62.92857142857143
aleatorias,143,58.7
aleatorias,223,62.94285714285714
aleatorias,183,63.05714285714286
aleatorias,232,63.77142857142857
aleatorias,18,4.3428571428571425
aleatorias,125,58.871428571428574
aleatorias,22,14.985714285714286
aleatorias,232,63.77142857142857
aleatorias,65,31.428571428571427
aleatorias,214,63.34285714285714
aleatorias,65,46.68571428571428
aleatorias,212,63.785714285714285
aleatorias,208,62.75714285714286
aleatorias,119,55.94285714285714
aleatorias,171,63.357142857142854
aleatorias,103,52.785714285714285
aleatorias,171,61.3
aleatorias,223,62.94285714285714
aleatorias,199,63.18571428571428
aleatorias,74,48.57142857142857
aleatorias,61,49.871428571428574
aleatorias,59,35.114285714285714
aleatorias,120,55.52857142857143
aleatorias,226,62.47142857142857
aleatorias,202,63.91428571428571
aleatorias,118,55.22857142857143
aleatorias,214,63.34285714285714
aleatorias,28,21.82857142857143
aleatorias,219,63.48571428571429
aleatorias,4,1.9857142857142858
aleatorias,38,28.085714285714285
aleatorias,49,27.47142857142857
aleatorias,121,57.385714285714286
aleatorias,208,63.18571428571428
aleatorias,28,23.285714285714285
aleatorias,158,61.18571428571428
aleatorias,91,40.7
aleatorias,38,25.228571428571428
aleatorias,41,25.542857142857144
aleatorias,7,2.357142857142857
aleatorias,226,62.47142857142857
aleatorias,38,14.571428571428571
aleatorias,50,48.4
aleatorias,91,44.65714285714286
aleatorias,120,59.55714285714286
aleatorias,10,4.642857142857143
aleatorias,8,3.0285714285714285
aleatorias,48,29.6
aleatorias,82,53.8
aleatorias,213,61.08571428571429
aleatorias,117,56.25714285714286
aleatorias,232,63.77142857142857
aleatorias,13,6.2
aleatorias,131,59.92857142857143
aleatorias,224,63.55714285714286
aleatorias,77,52.82857142857143
aleatorias,137,60.7
aleatorias,69,57.614285714285714
aleatorias,232,63.77142857142857
aleatorias,23,13.485714285714286
aleatorias,219,63.48571428571429
aleatorias,14,10.771428571428572
aleatorias,13,6.014285714285714
aleatorias,180,62.214285714285715
aleatorias,232,63.77142857142857
aleatorias,50,35.542857142857144
aleatorias,102,51.714285714285715
aleatorias,232,63.77142857142857
aleatorias,48,33.74285714285714
aleatorias,171,61.114285714285714
aleatorias,232,63.77142857142857
aleatorias,60,39.52857142857143
aleatorias,232,63.77142857142857
aleatorias,140,53.114285714285714
aleatorias,180,61.614285714285714
aleatorias,8,6.8
aleatorias,232,63.77142857142857
aleatorias,36,15.228571428571428
aleatorias,167,61.042857142857144
aleatorias,6,3.4285714285714284
aleatorias,191,63.08571428571429
aleatorias,226,62.47142857142857
aleatorias,202,63.91428571428571
aleatorias,128,53.05714285714286
aleatorias,83,51.22857142857143
aleatorias,90,50.24285714285714
aleatorias,86,43.042857142857144
aleatorias,122,55.27142857142857
aleatorias,149,56.15714285714286
aleatorias,12,14.5
aleatorias,31,26.314285714285713
aleatorias,201,62.81428571428572
aleatorias,78,47.01428571428571
aleatorias,30,26.84285714285714
aleatorias,97,53.285714285714285
aleatorias,214,62.84285714285714
aleatorias,27,25.728571428571428
aleatorias,224,63.55714285714286
aleatorias,32,12.157142857142857
aleatorias,161,61.51428571428571
aleatorias,153,59.68571428571428
aleatorias,104,48.857142857142854
aleatorias,10,4.8428571428571425
aleatorias,197,62.74285714285714
aleatorias,232,63.77142857142857
aleatorias,15,7.785714285714286
aleatorias,5,2.0
aleatorias,47,30.5
aleatorias,80,50.77142857142857
aleatorias,135,59.1
aleatorias,94,46.52857142857143
aleatorias,17,6.1
aleatorias,185,62.042857142857144
aleatorias,80,54.8
aleatorias,2,2.9857142857142858
aleatorias,203,63.042857142857144
aleatorias,213,61.08571428571429
aleatorias,195,63.0
aleatorias,151,60.6
aleatorias,232,63.77142857142857
aleatorias,82,50.05714285714286
aleatorias,73,42.042857142857144
aleatorias,226,62.47142857142857
aleatorias,7,3.2714285714285714
aleatorias,191,62.27142857142857
aleatorias,231,63.01428571428571
aleatorias,43,37.34285714285714
aleatorias,214,62.84285714285714
aleatorias,92,48.55714285714286
aleatorias,87,52.55714285714286
aleatorias,67,41.32857142857143
aleatorias,132,55.7
aleatorias,101,45.371428571428574
aleatorias,232,63.77142857142857
aleatorias,112,54.77142857142857
aleatorias,211,63.614285714285714
aleatorias,120,59.41428571428571
aleatorias,181,60.65714285714286
aleatorias,225,63.857142857142854
aleatorias,91,52.25714285714286
aleatorias,44,27.757142857142856
aleatorias,191,62.27142857142857
aleatorias,226,62.47142857142857
aleatorias,174,60.285714285714285
aleatorias,114,53.94285714285714
aleatorias,92,49.885714285714286
aleatorias,81,45.77142857142857
aleatorias,35,28.37142857142857
aleatorias,150,60.785714285714285
aleatorias,97,55.9
aleatorias,126,56.42857142857143
aleatorias,113,53.457142857142856
aleatorias,51,31.0
aleatorias,15,5.2
aleatorias,159,63.47142857142857
aleatorias,74,41.51428571428571
aleatorias,138,60.785714285714285
aleatorias,145,62.042857142857144
aleatorias,86,49.91428571428571
aleatorias,14,6.4
aleatorias,120,55.628571428571426
aleatorias,71,45.714285714285715
aleatorias,194,63.44285714285714
aleatorias,4,2.0
aleatorias,125,59.22857142857143
aleatorias,187,63.57142857142857
aleatorias,169,60.51428571428571
aleatorias,172,63.214285714285715
aleatorias,4,2.8
aleatorias,147,62.2
aleatorias,150,59.94285714285714
aleatorias,47,28.428571428571427
aleatorias,28,14.271428571428572
aleatorias,38,29.685714285714287
aleatorias,232,63.77142857142857
aleatorias,203,63.042857142857144
aleatorias,83,51.22857142857143
aleatorias,132,55.7
aleatorias,15,6.057142857142857
aleatorias,73,46.7
aleatorias,232,63.77142857142857
aleatorias,51,35.57142857142857
aleatorias,115,53.714285714285715
aleatorias,174,62.6
aleatorias,226,62.47142857142857
aleatorias,7,8.214285714285714
aleatorias,149,55.214285714285715
aleatorias,56,37.82857142857143
aleatorias,212,63.785714285714285
aleatorias,93,44.114285714285714
aleatorias,121,54.2
aleatorias,79,44.1
aleatorias,105,44.68571428571428
aleatorias,47,30.785714285714285
aleatorias,143,61.857142857142854
aleatorias,214,63.34285714285714
aleatorias,132,60.48571428571429
aleatorias,18,12.614285714285714
aleatorias,74,41.871428571428574
aleatorias,53,31.65714285714286
aleatorias,128,60.84285714285714
aleatorias,202,63.91428571428571
aleatorias,232,63.77142857142857
aleatorias,232,63.77142857142857
aleatorias,181,61.857142857142854
aleatorias,41,29.728571428571428
aleatorias,5,2.0
aleatorias,165,62.5
aleatorias,210,63.42857142857143
aleatorias,69,45.68571428571428
aleatorias,219,63.48571428571429
aleatorias,54,28.685714285714287
aleatorias,137,61.27142857142857
aleatorias,115,53.385714285714286
aleatorias,168,53.9
aleatorias,72,46.371428571428574
aleatorias,213,62.15714285714286
aleatorias,119,56.51428571428571
aleatorias,53,35.457142857142856
aleatorias,41,31.685714285714287
aleatorias,232,63.77142857142857
aleatorias,56,22.914285714285715
aleatorias,76,36.785714285714285
aleatorias,226,62.47142857142857
aleatorias,6,5.642857142857143
aleatorias,136,53.08571428571429
aleatorias,36,19.357142857142858
aleatorias,153,58.01428571428571
aleatorias,143,60.92857142857143
aleatorias,23,16.47142857142857
aleatorias,94,48.68571428571428
aleatorias,26,6.3
aleatorias,8,3.4571428571428573
aleatorias,41,24.457142857142856
aleatorias,130,53.94285714285714
aleatorias,84,51.51428571428571
aleatorias,100,59.94285714285714
aleatorias,186,62.371428571428574
aleatorias,206,60.285714285714285
aleatorias,58,36.07142857142857
aleatorias,94,52.68571428571428
aleatorias,111,52.97142857142857
aleatorias,143,61.6
aleatorias,212,63.785714285714285
aleatorias,17,4.385714285714286
aleatorias,195,63.628571428571426
aleatorias,96,51.3
aleatorias,47,39.785714285714285
aleatorias,131,56.614285714285714
aleatorias,232,63.77142857142857
aleatorias,156,59.114285714285714
aleatorias,48,25.542857142857144
aleatorias,72,42.97142857142857
aleatorias,232,63.77142857142857
aleatorias,224,63.55714285714286
aleatorias,131,55.91428571428571
aleatorias,39,32.75714285714286
aleatorias,188,61.94285714285714
aleatorias,23,20.0
aleatorias,87,48.02857142857143
aleatorias,121,53.542857142857144
aleatorias,7,3.0142857142857142
aleatorias,212,63.785714285714285
aleatorias,102,54.72857142857143
aleatorias,59,34.857142857142854
aleatorias,208,62.75714285714286
aleatorias,74,39.871428571428574
aleatorias,219,63.58571428571429
aleatorias,69,47.41428571428571
aleatorias,23,7.371428571428571
aleatorias,180,61.47142857142857
aleatorias,70,46.58571428571429
aleatorias,208,62.75714285714286
aleatorias,232,63.77142857142857
aleatorias,101,45.371428571428574
aleatorias,102,45.142857142857146
aleatorias,202,63.91428571428571
aleatorias,128,58.871428571428574
aleatorias,117,56.628571428571426
aleatorias,125,59.22857142857143
aleatorias,30,22.9
aleatorias,17,8.342857142857143
aleatorias,232,63.77142857142857
aleatorias,171,63.285714285714285
aleatorias,232,63.77142857142857
aleatorias,79,51.714285714285715
aleatorias,23,10.757142857142858
aleatorias,79,47.41428571428571
aleatorias,61,33.44285714285714
aleatorias,53,35.52857142857143
aleatorias,140,53.08571428571429
aleatorias,110,62.18571428571428
aleatorias,116,61.41428571428571
aleatorias,232,63.77142857142857
aleatorias,107,53.02857142857143
aleatorias,68,44.3
aleatorias,139,59.6
aleatorias,6,2.0
aleatorias,62,38.1
aleatorias,122,59.57142857142857
aleatorias,147,56.27142857142857
aleatorias,105,54.542857142857144
aleatorias,44,42.34285714285714
aleatorias,232,63.77142857142857
aleatorias,45,29.214285714285715
aleatorias,232,63.77142857142857
aleatorias,7,3.5428571428571427
aleatorias,167,63.68571428571428
aleatorias,159,63.58571428571429
aleatorias,48,40.84285714285714
aleatorias,206,60.285714285714285
aleatorias,226,62.47142857142857
aleatorias,61,47.44285714285714
aleatorias,125,61.371428571428574
aleatorias,231,63.01428571428571
aleatorias,232,63.77142857142857
aleatorias,82,52.65714285714286
aleatorias,47,35.7
aleatorias,64,41.142857142857146
aleatorias,46,20.614285714285714
aleatorias,184,62.58571428571429
aleatorias,19,9.628571428571428
aleatorias,232,63.77142857142857
aleatorias,51,28.65714285714286
aleatorias,232,63.77142857142857
aleatorias,118,47.72857142857143
aleatorias,105,48.1
aleatorias,154,58.17142857142857
aleatorias,174,62.48571428571429
aleatorias,154,56.285714285714285
aleatorias,168,61.05714285714286
aleatorias,24,18.32857142857143
aleatorias,6,4.414285714285715
aleatorias,123,57.55714285714286
aleatorias,69,38.98571428571429
aleatorias,94,54.357142857142854
aleatorias,61,44.98571428571429
aleatorias,219,63.58571428571429
aleatorias,50,17.857142857142858
aleatorias,229,63.48571428571429
aleatorias,232,63.77142857142857
aleatorias,128,60.15714285714286
aleatorias,163,54.285714285714285
aleatorias,162,61.8
aleatorias,176,63.24285714285714
aleatorias,5,3.0285714285714285
aleatorias,5,2.557142857142857
aleatorias,130,53.94285714285714
aleatorias,128,59.128571428571426
aleatorias,211,63.614285714285714
aleatorias,206,62.128571428571426
aleatorias,183,63.05714285714286
aleatorias,37,28.771428571428572
aleatorias,189,62.84285714285714
aleatorias,6,2.414285714285714
aleatorias,118,54.128571428571426
aleatorias,42,25.728571428571428
aleatorias,214,62.84285714285714
aleatorias,40,18.557142857142857
aleatorias,109,60.3
aleatorias,102,58.0
aleatorias,160,60.614285714285714
aleatorias,11,6.3
aleatorias,82,45.5
aleatorias,5,3.2
aleatorias,52,27.34285714285714
aleatorias,20,15.485714285714286
aleatorias,194,63.44285714285714
aleatorias,29,8.428571428571429
aleatorias,71,36.44285714285714
aleatorias,81,49.357142857142854
aleatorias,16,7.428571428571429
aleatorias,95,49.68571428571428
aleatorias,91,49.714285714285715
aleatorias,93,49.98571428571429
aleatorias,42,28.757142857142856
aleatorias,232,63.77142857142857
aleatorias,4,3.642857142857143
aleatorias,198,59.871428571428574
aleatorias,193,62.01428571428571
aleatorias,76,47.82857142857143
aleatorias,11,4.014285714285714
aleatorias,179,63.58571428571429
aleatorias,205,61.9
aleatorias,211,63.614285714285714
aleatorias,76,46.32857142857143
aleatorias,29,21.885714285714286
aleatorias,136,62.0
aleatorias,52,32.75714285714286
aleatorias,191,63.08571428571429
aleatorias,108,60.42857142857143
aleatorias,44,24.957142857142856
aleatorias,178,62.44285714285714
aleatorias,193,60.357142857142854
aleatorias,58,39.75714285714286
aleatorias,151,61.8
aleatorias,95,57.92857142857143
aleatorias,27,19.242857142857144
aleatorias,69,34.22857142857143
aleatorias,203,62.614285714285714
aleatorias,138,62.15714285714286
aleatorias,100,59.957142857142856
aleatorias,9,7.3
aleatorias,232,63.77142857142857
aleatorias,66,36.385714285714286
aleatorias,208,62.75714285714286
aleatorias,232,63.77142857142857
aleatorias,180,61.47142857142857
aleatorias,41,29.714285714285715
aleatorias,86,51.52857142857143
aleatorias,163,59.7
aleatorias,167,63.15714285714286
aleatorias,36,42.51428571428571
aleatorias,105,57.48571428571429
aleatorias,232,63.77142857142857
aleatorias,212,63.785714285714285
aleatorias,232,63.77142857142857
aleatorias,179,59.92857142857143
aleatorias,125,58.785714285714285
aleatorias,9,3.3857142857142857
aleatorias,77,35.47142857142857
aleatorias,105,52.55714285714286
aleatorias,49,31.257142857142856
aleatorias,56,44.22857142857143
aleatorias,219,63.58571428571429
aleatorias,232,63.77142857142857
aleatorias,81,51.957142857142856
aleatorias,114,58.07142857142857
aleatorias,17,10.4
aleatorias,129,52.357142857142854
aleatorias,224,63.68571428571428
aleatorias,23,10.8
aleatorias,232,63.77142857142857
aleatorias,128,55.5
aleatorias,141,55.84285714285714
aleatorias,103,59.32857142857143
aleatorias,191,63.08571428571429
aleatorias,68,41.7
aleatorias,1,1.957142857142857
aleatorias,114,53.08571428571429
aleatorias,153,62.24285714285714
aleatorias,97,54.57142857142857
aleatorias,102,55.128571428571426
aleatorias,53,39.05714285714286
aleatorias,108,60.871428571428574
aleatorias,94,53.47142857142857
aleatorias,125,57.41428571428571
aleatorias,226,62.47142857142857
aleatorias,178,61.214285714285715
aleatorias,89,44.77142857142857
aleatorias,232,63.77142857142857
aleatorias,193,62.94285714285714
aleatorias,28,25.02857142857143
aleatorias,206,63.15714285714286
aleatorias,232,63.77142857142857
aleatorias,206,63.15714285714286
aleatorias,232,63.77142857142857
aleatorias,16,9.757142857142858
aleatorias,102,55.3
aleatorias,175,60.714285714285715
aleatorias,149,60.81428571428572
aleatorias,31,32.857142857142854
aleatorias,185,62.2
aleatorias,146,59.74285714285714
aleatorias,154,61.55714285714286
aleatorias,122,58.08571428571429
aleatorias,82,37.74285714285714
aleatorias,29,22.242857142857144
aleatorias,232,63.77142857142857
aleatorias,160,52.15714285714286
aleatorias,70,45.27142857142857
aleatorias,112,54.18571428571428
aleatorias,55,19.6
aleatorias,137,61.27142857142857
aleatorias,206,60.285714285714285
aleatorias,226,62.47142857142857
aleatorias,166,56.24285714285714
aleatorias,62,50.18571428571428
aleatorias,232,63.77142857142857
aleatorias,151,61.957142857142856
aleatorias,122,60.6
aleatorias,198,59.871428571428574
aleatorias,138,62.15714285714286
aleatorias,164,63.52857142857143
aleatorias,12,4.4
aleatorias,2,1.9857142857142858
aleatorias,149,58.68571428571428
aleatorias,226,62.47142857142857
aleatorias,109,49.98571428571429
aleatorias,204,62.67142857142857
aleatorias,13,8.057142857142857
aleatorias,77,44.4
aleatorias,189,62.98571428571429
aleatorias,157,53.84285714285714
aleatorias,139,58.34285714285714
aleatorias,151,51.94285714285714
aleatorias,135,54.74285714285714
aleatorias,125,54.871428571428574
aleatorias,125,60.25714285714286
aleatorias,69,52.5
aleatorias,173,61.785714285714285
aleatorias,232,63.77142857142857
aleatorias,163,62.18571428571428
aleatorias,171,60.17142857142857
aleatorias,226,62.47142857142857
aleatorias,99,52.65714285714286
aleatorias,225,63.857142857142854
aleatorias,212,63.785714285714285
aleatorias,24,9.67142857142857
aleatorias,14,4.114285714285714
aleatorias,179,61.114285714285714
aleatorias,232,63.77142857142857
aleatorias,192,62.6
aleatorias,232,63.77142857142857
aleatorias,49,46.31428571428572
aleatorias,203,63.042857142857144
aleatorias,193,62.5
aleatorias,74,57.75714285714286
aleatorias,159,62.41428571428571
aleatorias,10,5.928571428571429
aleatorias,107,60.77142857142857
aleatorias,96,56.58571428571429
aleatorias,196,60.08571428571429
aleatorias,100,57.27142857142857
aleatorias,116,54.92857142857143
aleatorias,166,63.31428571428572
aleatorias,80,44.27142857142857
aleatorias,23,17.65714285714286
aleatorias,123,63.3
aleatorias,181,61.0
aleatorias,69,39.4
aleatorias,148,63.41428571428571
aleatorias,48,26.857142857142858
aleatorias,81,34.7
aleatorias,166,58.98571428571429
aleatorias,67,48.1
aleatorias,63,38.642857142857146
aleatorias,232,63.77142857142857
aleatorias,15,11.3
aleatorias,110,51.31428571428572
aleatorias,232,63.77142857142857
aleatorias,92,52.614285714285714
aleatorias,25,12.3
aleatorias,42,35.385714285714286
aleatorias,68,35.214285714285715
aleatorias,157,62.32857142857143
aleatorias,127,50.24285714285714
aleatorias,86,54.65714285714286
aleatorias,180,61.542857142857144
aleatorias,88,46.15714285714286
aleatorias,77,40.32857142857143
aleatorias,224,63.55714285714286
aleatorias,85,51.08571428571429
aleatorias,232,63.77142857142857
aleatorias,214,63.34285714285714
aleatorias,226,62.47142857142857
aleatorias,80,37.41428571428571
aleatorias,226,62.47142857142857
aleatorias,205,61.9
aleatorias,44,30.414285714285715
aleatorias,187,63.2
aleatorias,125,60.25714285714286
aleatorias,25,27.071428571428573
aleatorias,119,59.77142857142857
aleatorias,132,59.94285714285714
aleatorias,226,62.47142857142857
aleatorias,104,46.01428571428571
aleatorias,63,34.614285714285714
aleatorias,61,30.82857142857143
aleatorias,25,9.814285714285715
aleatorias,6,3.0714285714285716
aleatorias,146,61.457142857142856
aleatorias,232,63.77142857142857
aleatorias,46,30.914285714285715
aleatorias,115,49.857142857142854
aleatorias,116,47.22857142857143
aleatorias,48,36.97142857142857
aleatorias,147,60.17142857142857
aleatorias,172,62.457142857142856
aleatorias,143,61.67142857142857
aleatorias,232,63.77142857142857
aleatorias,25,14.414285714285715
aleatorias,195,63.0
aleatorias,114,54.857142857142854
aleatorias,211,63.357142857142854
aleatorias,64,35.042857142857144
aleatorias,171,63.285714285714285
aleatorias,25,15.442857142857143
aleatorias,62,32.15714285714286
aleatorias,160,60.785714285714285
aleatorias,87,40.0
aleatorias,160,60.957142857142856
aleatorias,229,63.48571428571429
aleatorias,140,53.114285714285714
aleatorias,152,60.27142857142857
aleatorias,182,62.75714285714286
aleatorias,161,62.8
aleatorias,214,63.457142857142856
aleatorias,22,15.542857142857143
aleatorias,64,39.91428571428571
aleatorias,80,39.58571428571429
aleatorias,29,15.314285714285715
aleatorias,111,55.642857142857146
aleatorias,3,2.0
aleatorias,79,45.22857142857143
aleatorias,211,63.357142857142854
aleatorias,130,54.97142857142857
aleatorias,186,63.68571428571428
aleatorias,110,53.114285714285714
aleatorias,214,63.34285714285714
aleatorias,166,60.4
aleatorias,232,63.77142857142857
aleatorias,167,62.22857142857143
aleatorias,206,63.15714285714286
aleatorias,179,63.114285714285714
aleatorias,57,34.857142857142854
aleatorias,4,3.3714285714285714
aleatorias,232,63.77142857142857
aleatorias,81,41.128571428571426
aleatorias,178,62.34285714285714
aleatorias,120,56.128571428571426
aleatorias,67,40.6
aleatorias,232,63.77142857142857
aleatorias,15,9.557142857142857
aleatorias,135,58.785714285714285
aleatorias,231,63.01428571428571
aleatorias,168,62.77142857142857
aleatorias,214,62.84285714285714
aleatorias,232,63.77142857142857
aleatorias,144,59.65714285714286
aleatorias,49,33.18571428571428
aleatorias,14,5.9714285714285715
aleatorias,96,54.18571428571428
aleatorias,83,46.3
aleatorias,175,63.02857142857143
aleatorias,183,60.34285714285714
aleatorias,194,62.98571428571429
aleatorias,35,28.742857142857144
aleatorias,184,62.47142857142857
aleatorias,37,19.071428571428573
aleatorias,50,40.457142857142856
aleatorias,58,40.542857142857144
aleatorias,150,61.042857142857144
aleatorias,64,32.4
aleatorias,140,61.957142857142856
aleatorias,41,31.714285714285715
aleatorias,77,51.32857142857143
aleatorias,131,55.02857142857143
aleatorias,63,38.92857142857143
aleatorias,57,33.65714285714286
aleatorias,203,62.614285714285714
aleatorias,23,25.014285714285716
aleatorias,214,63.34285714285714
aleatorias,11,3.6857142857142855
aleatorias,72,42.3
aleatorias,134,60.15714285714286
aleatorias,185,61.18571428571428
aleatorias,212,63.785714285714285
aleatorias,66,46.857142857142854
aleatorias,32,25.87142857142857
aleatorias,232,63.77142857142857
aleatorias,232,63.77142857142857
aleatorias,175,62.81428571428572
aleatorias,208,63.18571428571428
aleatorias,17,8.114285714285714
aleatorias,12,4.9
aleatorias,190,63.628571428571426
aleatorias,146,59.74285714285714
aleatorias,232,63.77142857142857
aleatorias,30,10.314285714285715
aleatorias,166,63.81428571428572
aleatorias,232,63.77142857142857
aleatorias,20,8.32857142857143
aleatorias,7,3.242857142857143
aleatorias,34,20.985714285714284
aleatorias,178,60.628571428571426
aleatorias,40,39.628571428571426
aleatorias,118,59.94285714285714
aleatorias,214,63.457142857142856
aleatorias,66,38.371428571428574
aleatorias,44,27.52857142857143
aleatorias,56,40.08571428571429
aleatorias,84,49.55714285714286
aleatorias,226,62.47142857142857
aleatorias,112,55.114285714285714
aleatorias,181,56.02857142857143
aleatorias,120,60.9
aleatorias,115,58.77142857142857
aleatorias,34,33.07142857142857
aleatorias,18,8.128571428571428
aleatorias,189,61.25714285714286
aleatorias,47,29.514285714285716
aleatorias,232,63.77142857142857
aleatorias,4,3.642857142857143
aleatorias,184,63.18571428571428
aleatorias,163,62.18571428571428
aleatorias,112,56.77142857142857
aleatorias,36,21.4
aleatorias,121,55.542857142857144
aleatorias,70,42.81428571428572
aleatorias,175,62.6
aleatorias,35,30.057142857142857
aleatorias,98,41.357142857142854
aleatorias,48,30.057142857142857
aleatorias,170,61.642857142857146
aleatorias,145,60.84285714285714
aleatorias,6,4.4
aleatorias,232,63.77142857142857
aleatorias,110,56.34285714285714
aleatorias,17,5.8
aleatorias,13,6.285714285714286
aleatorias,232,63.77142857142857
aleatorias,23,22.15714285714286
aleatorias,180,60.31428571428572
aleatorias,197,63.114285714285714
aleatorias,125,55.31428571428572
aleatorias,146,61.457142857142856
aleatorias,101,53.5
aleatorias,125,54.68571428571428
aleatorias,138,61.214285714285715
aleatorias,84,34.714285714285715
aleatorias,232,63.77142857142857
aleatorias,159,60.714285714285715
aleatorias,66,44.357142857142854
aleatorias,232,63.77142857142857
aleatorias,25,18.957142857142856
aleatorias,2,3.0
aleatorias,66,42.72857142857143
aleatorias,163,54.285714285714285
aleatorias,48,34.31428571428572
aleatorias,167,61.5
aleatorias,22,9.32857142857143
aleatorias,170,61.285714285714285
aleatorias,6,2.657142857142857
aleatorias,88,53.31428571428572
aleatorias,115,52.65714285714286
aleatorias,103,55.285714285714285
aleatorias,127,55.885714285714286
aleatorias,117,60.18571428571428
aleatorias,155,52.17142857142857
aleatorias,68,43.957142857142856
aleatorias,135,57.91428571428571
aleatorias,5,3.8142857142857145
aleatorias,158,60.15714285714286
aleatorias,25,22.785714285714285
aleatorias,208,63.18571428571428
aleatorias,214,62.84285714285714
aleatorias,73,40.08571428571429
aleatorias,113,53.628571428571426
aleatorias,175,61.07142857142857
aleatorias,117,56.25714285714286
aleatorias,211,63.614285714285714
aleatorias,202,63.91428571428571
aleatorias,49,31.885714285714286
aleatorias,232,63.77142857142857
aleatorias,90,54.82857142857143
aleatorias,186,63.68571428571428
aleatorias,105,53.871428571428574
aleatorias,28,13.314285714285715
aleatorias,108,52.01428571428571
aleatorias,38,41.84285714285714
aleatorias,184,62.214285714285715
aleatorias,49,34.18571428571428
aleatorias,17,8.67142857142857
aleatorias,152,60.82857142857143
aleatorias,131,56.614285714285714
aleatorias,136,61.15714285714286
aleatorias,159,59.91428571428571
aleatorias,6,3.557142857142857
aleatorias,219,63.48571428571429
aleatorias,48,38.74285714285714
aleatorias,67,44.3
aleatorias,3,2.0
aleatorias,232,63.77142857142857
aleatorias,210,63.42857142857143
aleatorias,133,60.457142857142856
aleatorias,49,23.057142857142857
aleatorias,155,55.371428571428574
aleatorias,198,59.871428571428574
aleatorias,38,15.414285714285715
aleatorias,42,31.37142857142857
aleatorias,211,63.357142857142854
aleatorias,106,49.97142857142857
aleatorias,37,18.557142857142857
aleatorias,48,23.542857142857144
aleatorias,140,53.55714285714286
aleatorias,225,63.857142857142854
aleatorias,219,63.58571428571429
aleatorias,165,62.214285714285715
aleatorias,77,48.42857142857143
aleatorias,219,63.48571428571429
aleatorias,121,58.357142857142854
aleatorias,229,63.48571428571429
aleatorias,105,53.17142857142857
aleatorias,214,63.34285714285714
aleatorias,5,3.0428571428571427
aleatorias,151,62.02857142857143
aleatorias,35,26.957142857142856
aleatorias,107,51.2
aleatorias,135,60.65714285714286
aleatorias,39,29.057142857142857
aleatorias,148,60.84285714285714
aleatorias,60,39.714285714285715
aleatorias,178,63.74285714285714
aleatorias,159,61.57142857142857
aleatorias,213,63.05714285714286
aleatorias,232,63.77142857142857
aleatorias,47,19.928571428571427
aleatorias,175,62.114285714285714
aleatorias,95,44.714285714285715
aleatorias,48,26.857142857142858
aleatorias,107,57.642857142857146
aleatorias,163,62.58571428571429
aleatorias,69,39.08571428571429
aleatorias,179,59.92857142857143
aleatorias,153,61.48571428571429
aleatorias,76,48.15714285714286
aleatorias,93,53.97142857142857
aleatorias,2,2.0
aleatorias,146,62.214285714285715
aleatorias,26,20.857142857142858
aleatorias,127,60.5
aleatorias,201,63.05714285714286
aleatorias,123,61.24285714285714
aleatorias,232,63.77142857142857
aleatorias,168,62.285714285714285
aleatorias,136,62.6
aleatorias,198,59.871428571428574
aleatorias,94,54.1
aleatorias,100,59.67142857142857
aleatorias,41,26.685714285714287
aleatorias,109,54.785714285714285
aleatorias,91,50.34285714285714
aleatorias,166,62.357142857142854
aleatorias,50,36.52857142857143
aleatorias,28,21.557142857142857
aleatorias,15,6.042857142857143
aleatorias,58,39.84285714285714
aleatorias,141,60.614285714285714
aleatorias,4,2.5428571428571427
aleatorias,122,61.41428571428571
aleatorias,142,61.5
aleatorias,231,63.01428571428571
aleatorias,8,4.242857142857143
aleatorias,168,62.31428571428572
aleatorias,38,39.98571428571429
aleatorias,68,38.55714285714286
aleatorias,55,34.72857142857143
aleatorias,63,51.77142857142857
aleatorias,219,63.58571428571429
aleatorias,107,60.714285714285715
aleatorias,83,53.042857142857144
aleatorias,124,61.52857142857143
aleatorias,70,39.628571428571426
aleatorias,130,53.94285714285714
aleatorias,169,62.81428571428572
aleatorias,190,62.51428571428571
aleatorias,211,63.357142857142854
aleatorias,182,62.27142857142857
aleatorias,232,63.77142857142857
aleatorias,224,63.68571428571428
aleatorias,154,60.285714285714285
aleatorias,232,63.77142857142857
aleatorias,140,58.47142857142857
aleatorias,72,31.285714285714285
aleatorias,232,63.77142857142857
aleatorias,106,49.3
aleatorias,232,63.77142857142857
aleatorias,19,8.942857142857143
aleatorias,225,63.857142857142854
aleatorias,185,61.542857142857144
aleatorias,52,29.057142857142857
aleatorias,38,35.68571428571428
aleatorias,205,61.9
aleatorias,4,2.8142857142857145
aleatorias,141,61.07142857142857
aleatorias,199,60.48571428571429
aleatorias,135,61.65714285714286
aleatorias,219,63.48571428571429
aleatorias,113,57.57142857142857
aleatorias,143,61.714285714285715
aleatorias,179,63.58571428571429
aleatorias,68,40.08571428571429
aleatorias,96,58.41428571428571
aleatorias,229,63.48571428571429
aleatorias,93,38.48571428571429
aleatorias,34,19.014285714285716
aleatorias,81,46.65714285714286
aleatorias,78,46.4
aleatorias,177,61.77142857142857
aleatorias,232,63.77142857142857
aleatorias,110,51.81428571428572
aleatorias,53,39.48571428571429
aleatorias,52,47.44285714285714
aleatorias,26,9.9
aleatorias,106,61.97142857142857
aleatorias,58,28.6
aleatorias,214,63.34285714285714
aleatorias,200,61.9
aleatorias,187,62.957142857142856
aleatorias,99,52.81428571428572
aleatorias,23,12.085714285714285
aleatorias,108,59.07142857142857
aleatorias,190,60.857142857142854
aleatorias,208,63.18571428571428
aleatorias,133,57.885714285714286
aleatorias,38,41.84285714285714
aleatorias,68,42.714285714285715
aleatorias,121,59.91428571428571
aleatorias,67,38.128571428571426
aleatorias,65,31.428571428571427
aleatorias,88,52.128571428571426
aleatorias,148,61.1
aleatorias,123,59.44285714285714
aleatorias,125,48.2
aleatorias,12,4.242857142857143
aleatorias,180,62.885714285714286
aleatorias,148,61.1
aleatorias,102,53.885714285714286
aleatorias,115,53.714285714285715
aleatorias,30,20.82857142857143
aleatorias,121,61.68571428571428
aleatorias,103,56.15714285714286
aleatorias,126,59.128571428571426
aleatorias,190,60.857142857142854
aleatorias,135,59.9
aleatorias,124,56.785714285714285
aleatorias,132,61.128571428571426
aleatorias,32,11.0
aleatorias,232,63.77142857142857
aleatorias,85,43.72857142857143
